ADM2_PT,ADM2_PCODE,T_TL,log_population,district_area,Water,Trees,Flooded vegetation,Crops,Built Area,Bare ground,Snow/Ice,Clouds,Rangeland,SR_B1,SR_B2,SR_B3,SR_B4,SR_B5,SR_B6,SR_B7,ST_B10,ST_ATRAN,ST_DRAD,ST_TRAD,ST_URAD,ST_EMIS,ST_EMSD,NDVI,NDWI,NDBI,osm_traffic,osm_transport,osm_places,osm_pofw,osm_pois,osm_railways,osm_roads,building_count,building_area,DNB
Alto Molocue,MZ1101,406670.0,12.915759783722262,6338.219409632168,0.0010596730706936,0.2978580559027295,6.286696065844588e-06,0.0117786761354347,0.0022236276825487,2.0334745299398544e-05,0.0,0.0,0.6870533457672281,8612.977949856046,8936.873936976084,9963.22248292223,10676.034437722672,15551.777243047858,17000.576807583013,14446.310365464004,50934.320591618365,6620.0073652835645,1293.6267922982383,11267.04988005958,2783.357026537717,9682.580154348096,66.3098717504051,2.6236559139784945,1.902567563987144,1.183351112262117,2,0,30,1,17,0.0,1247.1693730843722,168137,5.8590525209,3.1654001783142443
Ancuabe,MZ0101,154621.0,11.948738707728076,4918.239098934708,9.721813532913694e-05,0.3802515113839915,1.423983475982794e-05,0.0009433386284945,0.0048107042895202,2.9730193252105363e-05,0.0,0.0,0.6138532575346526,8447.304458279748,8738.495296153447,9686.943637707349,10134.754003062984,16087.73141610791,16552.50939899145,13834.013068240807,49713.97411863264,6374.371517109242,1396.6540580227108,11044.539131278025,3042.818209682847,9697.915401551929,24.007839381901853,2.93218085106383,1.7574631338808206,1.0305804989884155,3,0,61,0,37,0.0,1093.596107616698,61339,3.438060392435545,0.2186454318268457
Angoche,MZ0701,427183.0,12.964970112743211,3016.6709667868618,0.0232199397567322,0.1362538606492901,0.0399197012052388,0.006986082408271,0.0040163941389363,0.014981155426963,0.0002074504527764,0.0001075595559806,0.7743078564058111,8322.495110301941,8592.142976872447,9530.52618803608,9675.984112365542,16429.45513567007,15272.825545872012,12146.198301116618,45974.00698260714,6575.952212992611,1281.8915858924388,9488.659923552796,2758.762331430737,9694.666898167903,47.22348540607574,3.6341387335940687,1.9374634669188824,1.6470473188198946,5,5,19,18,109,0.0,833.8963179932214,91295,4.3446799795,0.2856870498517159
Angonia,MZ1001,633717.0,13.359359339516065,3259.09003874294,0.000576745895673,0.0967730643948279,0.0,0.145047542240289,0.0348380819148447,1.6020719324252106e-05,0.0,0.0,0.722748544835041,9140.427436401256,9422.808459488828,10290.80399752899,10909.082979800236,15240.328063829473,17802.703288974233,15679.712975781122,47556.41147491467,8440.771633919252,613.5755614082126,10403.214369355625,1195.351368499196,9679.4446557918,10.640485606548332,2.0,1.9876262494696963,1.6002000271223216,8,2,60,0,17,0.0,4453.6565262517925,180423,6.803403119,2.7088166169091026
Balama,MZ0102,165660.0,12.017698810594256,5493.802772527817,0.0019977783122341,0.3998492350219829,8.510577415197989e-05,0.0180162058476406,0.0065385308508971,0.000286238666611,0.0,1.8019431325847952e-08,0.5732268875070508,8593.621995861897,8928.885100925927,9753.286527109576,10533.806974625792,14111.157382840694,16194.151376881371,14018.699862372152,50741.70666880283,7073.7882326124245,1141.9168345577964,11393.31690115722,2404.3677140569657,9678.697856731098,81.67869332812234,3.938729329852045,2.062473097040303,1.670289670764448,5,0,5,0,13,0.0,2762.2041112132715,75490,3.49089261303228,0.2220742366340005
Barue,MZ0401,243524.0,12.402974885639155,5770.186715355476,0.0012572566708103,0.4187910909661377,2.0706660696016093e-07,0.0230351937134854,0.0075113411674798,1.2958918485590072e-05,0.0,0.0,0.549391951496994,8601.498404477166,8828.977425746822,9808.872764397183,10097.51036998433,16434.495837941387,16261.10831480564,13723.415202428228,49063.9208470509,7748.410932770393,918.8756205403564,11206.770663443966,1881.5962071681377,9733.319030740358,12.570054382830769,2.099354838709677,1.9045346414026565,1.35254924478238,4,0,5,2,32,0.0,978.0086247187024,49069,1.8130487856,0.129165932555763
Bilene,MZ0201,169368.0,12.0398350456344,1663.005516269088,0.0301398690754449,0.3140077519176942,0.0108018944584662,0.0146236603147643,0.0511196950058928,0.0029683006101262,0.0,6.305660841584429e-06,0.5763325229567696,8521.331635296785,8895.927917489013,10118.878998319427,10205.322466226864,17550.039590883156,16195.20912781279,13078.194296938376,49776.99341776749,5456.5719582087495,1713.1776465048258,10460.37363621398,3860.284436625919,9733.957326640955,4.94012307168784,3.334643628509719,1.7058060035432383,1.1893112006975184,9,2,4,0,23,0.0,965.9475733462028,61832,3.0320881359,0.3818362573099415
Boane,MZ0501,267562.0,12.497110331607818,804.2855160505088,0.035893194271586,0.1748775340831893,0.0517870694686792,0.0915471396308529,0.2710445946412627,0.0002849392579059,0.0,0.0,0.3745655286465238,8760.905940585373,9144.60374311096,10161.042086969032,10755.103034248246,15486.139241516896,16576.725764001356,14492.67187201168,48371.8425054103,7130.5767538705495,1143.0042737176182,10605.75387615923,2472.622563815484,9709.397330090416,21.57215200949989,3.0226891427658384,1.9118398769375984,1.506099012257527,71,106,3,3,232,66.77706229738052,2998.503671720846,152784,10.3144697137,3.0673518164435944
Buzi,MZ0901,223142.0,12.315568100531117,7224.489149783497,0.0135367989553985,0.3772276813728914,0.0111078217192481,0.0130444528816006,0.0050691331574119,0.0017872392731752,0.0,1.3624431297504049e-08,0.5782268590158427,8495.599700131692,8683.571221380058,9719.68345449803,9389.67820869186,17184.300820363464,15068.989696720448,12097.990686559804,48489.597976635225,6514.743090362844,1373.7193990438875,10221.315873314492,2974.921957637202,9664.548350305566,21.866420144739124,2.7435581727337617,1.7267884038739305,1.324001517047582,56,0,66,2,79,0.0,19501.61987036735,50896,1.8293716034,0.2090256143994462
Cahora Bassa,MZ1002,171498.0,12.052332714667342,8840.763764758613,0.0427337378451787,0.3294367952216256,0.0001553338244731,0.0276519589273154,0.0038724741533601,0.000184848486516,0.0,0.0,0.5959648515415307,8799.616842760544,9153.914361293808,10297.80214595851,10940.86099123638,16046.14616230542,16955.537908913328,14100.796538203424,50160.96213297611,7034.766237070666,1171.8094862178325,11223.94203494131,2473.7332911254225,9696.118368461315,62.3616479783274,3.298666307422875,1.957697647419969,1.5711356154386578,5,4,2,2,56,0.0,1028.330487132174,37194,1.602436897,0.6067249761566913
Caia,MZ0902,191568.0,12.16300333602151,3584.985119579826,0.0200634369865697,0.3450509304472732,0.0485580811312308,0.005632459262337,0.0072263035981169,0.0007490422556093,0.0,0.0,0.5727197463188629,8629.826003754633,8870.670815506708,9879.25085126156,9828.632751643116,16696.231851178207,15710.71869217362,12980.85569869384,49565.57698532149,6265.578957061959,1429.4776904175508,10700.433836967451,3155.014738843586,9632.753187846918,45.83367432637109,2.999723876770147,1.8141846151907823,1.268043773152853,15,5,18,0,142,74.60519240541603,511.169777734138,46253,1.7652782529,0.6791045625213334
Changara,MZ1003,156686.0,11.96200546383054,6143.378498118254,0.0072677298283445,0.4009360941431384,3.9709284928847066e-05,0.0700703641344693,0.0047012233888602,0.0033144190650808,0.0,0.0,0.5136704601551777,8770.787932300218,9129.583568291266,10300.648757542454,10968.679945065003,16413.30847539439,17451.89655235546,14482.83804445347,50698.26606850568,7071.868592309776,1184.725013801933,11549.27773953585,2508.709940162726,9657.364203318984,110.67590213717308,2.8421912624699,1.919790262282056,1.5168989891651763,2,0,8,0,9,0.0,4096.647694173964,39524,1.3380331271,0.8548447474848759
Chemba,MZ0903,97015.0,11.482631192336628,3977.366367540212,0.0147016929861878,0.3699006920952272,0.0039600989126546,0.0098933285182094,0.0013389694167258,0.000685360125536,0.0,0.0,0.5995198579454588,8665.309755135582,9022.08422954234,10191.68800102699,10527.899626449378,16873.87991753678,16881.587266509745,13914.681002632506,51170.09464310591,5818.824228230728,1570.8997057066265,11069.142146004577,3506.868197252443,9625.23593543222,2.767838398741316,2.9924165634268123,1.8293911574058528,1.224941291663018,1,0,10,0,5,0.0,477.4463324709518,17032,0.486069123,0.7737229281341633
Cheringoma,MZ0904,67110.0,11.114103243950224,7107.7961527536045,0.0017513009939236,0.7177509337416649,0.0032168137202423,0.0001073506602464,0.001216491640291,0.0001442996498726,0.0,9.789664170465465e-08,0.2758127116971173,8625.675895299702,8817.147673008969,9611.707597974591,9431.346568976896,16342.329874572248,15028.283324521351,12467.01761233882,47583.16636668458,7257.171102424312,1119.6364955756967,10375.129522306364,2365.810359264574,9727.503870840364,39.68378707274254,2.7681365576102417,1.7493117970864294,1.1536563922896246,13,8,3,0,2,147.93788159808778,608.6683720545263,9992,0.399827346,0.2234245557904359
Chibabava,MZ0905,176879.0,12.083226815531328,6990.73184569159,0.0021683195845591,0.6411775442522472,5.09473982651252e-05,0.0004091102769428,0.0013503799647691,0.000226713815274,0.0,0.0,0.3546169847079424,8394.908697151368,8604.855031473147,9704.901172252194,9416.117974863786,17630.273105517303,15174.513439544296,12226.689562004854,48155.00658239965,7066.623420430198,1192.7634764018744,10415.873235959789,2530.253818872866,9754.20117596688,11.256998558664613,2.7129358642026924,1.662757461700754,1.2464260048103553,17,0,90,0,111,0.0,6791.10957643841,36789,1.1266229428,0.1826388688916405
Chibuto,MZ0202,252912.0,12.440800835053816,5601.524555278717,0.0372175406334382,0.518440286014269,0.0092881996634192,0.0637967680140768,0.0167104303878259,0.0001600741923341,0.0,0.0,0.3543867010946366,8546.772657603355,9017.759067469093,10277.089975845667,10755.424432960252,16872.838790978534,16994.52012863358,13913.650639919932,50312.74994826631,5831.026993767195,1574.2245076987244,10790.108938315414,3469.5937581896874,9657.62227209911,41.92069030914839,3.180588809929703,1.8915409035626003,1.4118057645265876,4,2,6,2,32,0.0,2073.0086965572,124809,3.9983669587,4.813217628160358
Chicualacuala,MZ0203,30542.0,10.326890805775305,11387.084577581836,0.0017946482984936,0.5876222884727618,8.080369185277849e-06,0.0068567194962392,0.0006565045329555,0.0018593676420207,0.0,0.0,0.4012023911883438,8539.5547888962,8876.864939292418,10010.728884671214,10469.49915553226,16042.067634487456,17010.779450806553,13893.388535793414,49960.26335581658,7093.735622536677,1184.0839459593444,11262.463768899746,2511.806880957243,9702.146092212455,6.720847745362706,2.402010050251256,1.963377490085347,1.6015422654060347,3,2,66,0,15,60.49187071711126,979.0618974807126,12952,0.3784499264,0.1694395812026556
Chifunde,MZ1004,201107.0,12.211597356172874,9397.394632386178,0.0010461517091461,0.5489386501297144,0.0,0.0480351511837852,0.0014532144270658,3.5103721959906306e-05,0.0,0.0,0.4004917288283284,8685.110189869672,8922.617594687516,9914.367138583308,10206.48064796476,16042.781589508764,16346.040331070057,13852.917831772887,49594.33242320135,7558.835935786205,981.0317897625688,11204.9924500336,2014.233867135327,9723.430184895093,72.13921522144945,2.833333333333333,1.95803794677757,1.6525758187738069,3,1,27,0,1,0.0,7182.987127305011,45607,1.9879838445,0.220690565788605
Chigubo,MZ0204,23563.0,10.06747540264158,10112.458670301889,0.0035179672797209,0.6950959027514526,0.0161176321256004,0.0024554110655436,0.0001711900886855,3.7159311285894537e-06,0.0,0.0,0.2826381807578682,8563.789217367908,8982.33588025571,10158.440130728566,10619.78040951547,16669.85097267078,17406.358143073565,14063.561482032974,50112.90954140868,6123.05163130601,1494.4251047102464,10924.57490720516,3269.404488561793,9661.10648891789,15.511770906535489,3.2193946613243813,1.9585457282762733,1.353939169825928,0,0,5,0,6,0.0,1141.7303495202898,6886,0.1958160083,0.3335525032192609
Chimbonila,MZ0801,91492.0,11.424017745604887,5421.406401450568,0.0008149534081992,0.3221953135999358,0.0001236706841926,0.0306227344837603,0.003128350652869,0.0,0.0,3.6583548052847054e-08,0.6431149405874949,8336.224383497189,8644.493910060735,9515.232967219594,10127.708500305367,14865.244767008342,15434.707688320972,12466.795551001236,45968.22187400077,7754.781463948264,846.4235351174076,9606.483184375033,1722.0513784669706,9684.907252692485,18.03743601029615,3.0945626477541373,2.004311023016788,1.9236496614303944,7,0,14,0,14,47.202388057616346,853.9598427886439,77464,2.6136484687,1.357185122569738
Chinde,MZ1102,103626.0,11.548553192613229,3120.3427534834263,0.0502357089584202,0.3290183435779299,0.0353455643413157,0.0052857117617076,0.004871947805147,0.0026081097863052,0.0,0.0,0.572634613769174,8768.08566607194,9004.270845602296,9827.816939092148,9870.398792516042,15172.87163430569,14789.341461020693,12140.665931619533,48038.955203067264,6614.3870000757215,1317.5778300564768,10216.191601950675,2831.6248845732875,9727.130483997522,46.04618255018923,2.918265586979935,1.987443649331493,1.600673704472315,1,3,6,0,10,0.0,318.13149799854386,11477,0.4833680871889928,0.2512896239417208
Chiure,MZ0103,288364.0,12.571982317805004,5368.8090663212815,0.0066628697373063,0.2308435257332566,3.144028634005674e-05,0.0132083685522933,0.0060170438437651,0.0021411295998844,0.0,0.0,0.741095622247154,8542.98582312409,8855.630514435814,9880.524386199078,10476.07607081879,15948.614922683326,17013.651118681093,14459.81839894546,49291.9079508096,6557.977847346809,1344.4177298521524,11337.669651374905,2909.4178133128603,9684.300633252396,26.88529001235579,2.7667456844152687,1.8012494223429338,1.0803003119793366,4,1,78,0,21,0.0,1689.1967396877806,107755,5.552717922384305,0.2038900716082834
Chiuta,MZ1005,126375.0,11.747016869248933,7119.124586104641,0.0038438016298711,0.4032027926612671,2.467200328989448e-06,0.0090853618371881,0.0015113049255476,0.0001201347378071,0.0,0.0,0.5822341370079898,8703.943145639572,8954.10286683517,9932.11173433022,10221.335707081396,15588.527270530189,16234.887717068095,13951.911028112389,50144.63402386208,7292.45786235002,1094.5422325764316,11360.012661168956,2291.525457335448,9725.30044969446,44.05193362188621,2.892709248337307,1.9580989542447,1.6005328564180386,0,1,2,1,24,0.0,1042.7657124144907,25597,0.853316649,0.5543328509406656
Chokwe,MZ0205,257600.0,12.45916715519238,2442.493822610832,0.0102702629515033,0.1740197030150107,0.00503352259529,0.2003171303017401,0.0425887991070453,0.0017509743210085,0.0,0.0,0.5660196077084018,8505.651452832042,8955.658353780642,10251.149362582708,10559.328924089854,17045.742956518032,16532.96440281327,13548.490700255854,50462.921512597415,5581.72531078495,1666.2976546745786,10699.47038971072,3716.8169419853807,9701.648976999875,8.396156708913638,2.9696710807347286,1.850698891829237,1.2802019342465696,29,5,5,2,45,64.00253952673313,1494.8757029402304,95753,4.1111758547,0.524467403491911
Chongoene,MZ0206,140004.0,11.849433415239416,1445.0448570760884,0.0110832151552416,0.297527439643479,0.0178056895775629,0.1318722165648778,0.0624107837103035,0.0019000130392379,0.0,1.7824405203026145e-06,0.4773988598687767,8289.293678508784,8625.133003700517,9772.40592800596,10084.057568408698,17159.885761138696,15861.545846117948,12956.556840470948,48125.970850499216,6370.935413164598,1359.1053608262555,10183.438336428611,2983.749876555897,9756.502302842948,58.193250740514365,3.490005125576628,1.851090656407984,1.3016367070538524,1,0,10,2,12,0.0,1158.5960061535118,73949,2.9776461971,4.894035276693146
Cidade Da Beira,MZ0906,831125.0,13.630536686892482,630.7243698175741,0.0239264796115842,0.057554278734038,0.0268381270461398,0.0108216412173255,0.1943028332358664,0.0060066515287909,0.0,3.1289532368551894e-07,0.6805496757309313,9160.82208741044,9403.863174890244,10271.132147086704,10433.523613612251,15353.81324258157,15801.990139158985,13336.576416701131,47844.65258433432,6343.045863851747,1419.898403311308,10182.749070717931,3102.555482330634,9690.58871298697,41.95506385624483,2.58058037955618,1.9065641824382216,1.542746447932666,109,15,14,13,387,59.30060272103556,2228.3879974723327,179252,12.2412246726,6.032472912683239
Cidade Da Matola,MZ0502,1370042.0,14.130352684173063,367.4026838567157,0.006297845241631,0.0123179506115361,0.0056762751818821,0.004782851837284,0.898941217078594,1.0702885230285951e-06,0.0,0.0,0.0719827897605497,9154.00639483066,9712.332343391903,10953.551769798829,11832.873465749935,16094.044598293864,18334.66744334097,16932.47320473644,49179.1398588722,7151.598920881185,1144.721093878119,10875.973561216326,2475.134810340458,9644.018331745254,26.13129520118024,2.866751269035533,1.8720073018324792,1.4524408031530274,218,719,107,36,686,79.70326134131156,5260.589208550719,512616,33.0844050355,16.013453389830506
Cidade De Chimoio,MZ0402,525596.0,13.172290038373692,174.2912652088249,0.001431529522884,0.0214786190110753,4.540934251812968e-06,0.0112569760102443,0.5250574428182855,0.0,0.0,0.0,0.440770891703259,8748.274760316906,9135.52718315794,10362.252011881415,11178.125108592178,16099.458963861563,17971.13913323935,15774.487845479183,49276.92151288846,7617.327124299292,972.3043612791436,11274.498584402125,2003.5413101886948,9771.115442062151,0.0,2.4423076923076925,1.9705550265623943,1.3472064235530277,25,8,3,4,112,14.083539806547066,1143.3412489721727,117504,7.3447989025,8.483564814814814
Cidade De Inhambane,MZ0301,102450.0,11.537139914478365,195.08252042134475,0.0164181336313499,0.083159534007937,0.05299469354588,0.0103610631796619,0.2552951407676159,0.0074938661955065,0.0,0.0,0.5742775686720485,9038.5834489835,9334.153663017089,10366.009255953715,10937.165708760174,16688.028753744347,16640.055209458806,14125.718942906253,44481.13886377112,7801.775793198166,822.7079191787518,9058.836928233895,1674.8751972811283,9640.59708908313,0.088269825690467,2.7071428571428573,1.8494398310075413,1.6893842540705235,14,15,7,6,264,0.0,695.3056326753259,47192,2.36774962,6.144949494949495
Cidade De Lichinga,MZ0802,334085.0,12.719153723845196,256.58850790440385,0.0014964799281875,0.0220064892565421,0.0,0.0856538565768379,0.2123103353761901,3.865874265532213e-07,0.0,0.0,0.6785324522748157,8324.771271749558,8702.463247723685,9736.916714756762,10821.153650177484,14813.407764432131,16167.55182133122,13529.735730230332,45639.13025969289,8064.951365511773,722.6282336070965,9543.0566602626,1440.3727649830205,9660.947270231844,52.7606022069984,3.836795252225519,2.011901490053927,1.8453426332462624,10,6,3,1,40,11.872681815059584,831.3381666637395,129144,6.3510624176,3.679139610389611
Cidade De Maputo,MZ0601,1364008.0,14.125938715604246,346.7554339106771,0.0494487709102154,0.1726661510590582,0.0660390262662523,0.0172608662037903,0.5335020810742461,0.0042187879218681,0.0,0.0,0.1568643165645693,9320.130832360051,9632.377118594412,10695.070259797583,10956.905959602667,17248.425492271697,16479.141488318677,13930.461112391458,48646.04391820301,6143.120679240368,1530.6514806173525,10356.739897736688,3401.3085886360627,9694.483193893018,22.771045413123417,2.8208333333333333,1.582426844783715,1.2733615604530817,1494,1083,92,150,3651,61.369205415135646,3245.424643317876,357141,24.7752558266,11.907492957746475
Cidade De Nampula,MZ0702,1042293.0,13.856934611210797,329.8128699390598,0.0009390183428933,0.0107836616172452,3.188669079326935e-05,0.0001808899187992,0.4804707429181746,0.0002092005321203,0.0,0.0,0.507384599979974,9041.002530603204,9669.2340290285,11199.536629939612,12544.155679049209,17197.443084302075,20724.402442959097,17961.05304876287,52374.29431317717,5947.940736325586,1551.637839454717,11565.250915513248,3393.2714713974965,9649.254186067485,57.791788643456805,2.829113924050633,1.7511995028566474,1.0989440575151652,46,8,1,19,258,37.12634953613129,1191.1728973019235,240318,17.0012252247,2.8349344978165942
Cidade De Pemba,MZ0104,325388.0,12.69277666864744,100.3374247535145,0.0242223327692796,0.0086635487121872,0.0164014031784147,0.0015705154514786,0.5752507335830203,0.0091402416892733,0.0,0.0,0.3647512246163462,9436.60924756582,9842.17408933238,11425.504952060335,12112.44979587282,18527.55717886005,18286.18667175047,15454.993973830802,47860.41457920961,5761.900863246462,1556.49278806753,10008.967737529369,3478.237301717387,9623.348895445191,49.6422535467774,2.521786492374728,1.3704665885111371,1.2152920835785757,39,3,11,9,211,0.0,682.7835945454701,52257,3.844150622869833,5.920545073375263
Cidade De Quelimane,MZ1103,464756.0,13.049269967331478,121.71129929349097,0.0452606998277929,0.0227893607028604,0.3014369165676947,0.029077663656117,0.361632335909472,0.0004098216210412,0.0,0.0,0.2393932017150215,8513.929996370181,8791.290022445608,9670.467127925152,9755.96680568622,14106.260806115872,13981.362952153077,11979.941611787275,46357.340244167935,7222.710031451868,1083.6874332476448,9793.070291611117,2270.0461023990338,9693.135565288398,63.35324163865982,3.448784273150544,2.141027502464447,1.9624500979626711,22,9,2,3,184,0.0,421.0568034691972,72549,4.7220737615,5.900830564784053
Cidade De Tete,MZ1006,446327.0,13.008809386717974,287.0747660713994,0.1032727303294165,0.1102986579637628,0.0024583741807316,0.023322507240453,0.2776677422710418,0.0029091403255673,0.0,0.0,0.4800708476890267,9380.742567635729,9902.958325705127,11366.340736118844,12481.710970046368,16655.553389352393,19644.993102855628,16897.348044252318,50962.03045427944,6693.623464040618,1349.983956800506,11486.567500775223,2908.7573098041426,9612.14421652368,83.171751815901,3.0178696917980123,1.7216889030359728,2.32268449727588,21,7,13,5,116,0.0,1329.7207588207225,135406,7.6811117284,7.257407407407409
Cidade De Xai-Xai,MZ0207,183968.0,12.122522544136196,135.18445197490863,0.0418582115387289,0.0414351721397084,0.0363652864701314,0.1555430969557997,0.3178445776668865,0.000119300038132,0.0,0.0,0.4068343551906129,8325.572208568296,8752.76917620252,10031.299868874545,10268.142360688158,16726.24053281361,15413.074576708394,12676.719577819018,49201.52071067038,5574.198536760884,1640.1169991604363,10417.698383507242,3690.6702114900254,9716.330128333268,31.085928650435108,3.0,1.8702879715699663,1.4272072143025911,12,8,3,1,54,0.0,693.4261865307715,51901,2.9827903145,1.6108726752503577
Cuamba,MZ0803,350102.0,12.765982675886336,5348.710699253859,0.0008687169207058,0.3459109904951107,1.292437203223416e-05,0.0102433484101694,0.0088533423384801,0.0001873757388924,0.0,1.106222998479386e-07,0.6339231911023092,8747.987465570191,9058.614369414085,9814.034493177714,10502.99686733646,13796.340955409829,15879.10168865249,14016.257257913754,50776.99685664,6604.431957084193,1298.03235955567,11225.720664638182,2783.169557026901,9712.336763074894,67.80885571075034,2.980132450331126,2.1205202768109874,1.7448063184042633,30,5,41,4,57,125.10562970365685,1357.146687640624,129813,5.9068811713,0.4831501973226031
Derre,MZ1104,125381.0,11.739120356208153,4753.949795984138,0.0019347587341178,0.5523143727736681,8.584210578489318e-05,0.00811617073341,0.0009166123035149,3.0202922723333423e-05,0.0,0.0,0.4366020404267808,8291.719750925418,8548.947884329133,9392.121143957407,9542.327857458127,15153.14703638273,15530.028507293217,12645.009245522288,47551.938075431535,6794.445369221477,1224.314337482062,10240.141104963752,2630.2495944546044,9677.83368398036,98.91507586129585,3.067961165048544,2.003200832032055,1.7978952933879675,0,0,8,0,3,0.0,6102.861163500876,38559,1.5936100846,0.2081660780428977
Doa,MZ1007,106156.0,11.57267440937544,3633.586815973639,0.0217611760034865,0.313210992635531,0.0063381355320968,0.0055522669459319,0.0019085814037509,0.0004355163320143,0.0,0.0,0.6507933311471883,8706.314869005357,9003.305441493618,10009.921688420569,10285.743984336452,15690.853220920211,15865.71302391235,13294.94944304716,50546.92693845982,6279.081727177318,1442.5094835286154,11194.61357140219,3161.477364373748,9695.731680828168,0.2956489618016179,3.019100743745774,1.9491909602399773,1.634480218866683,9,4,4,0,2,104.5366789658026,522.2513599255019,20492,0.6171211058,0.907635440180587
Dondo,MZ0907,256621.0,12.455359464043454,2308.354795289046,0.0118734219008457,0.125068807937289,0.0102593110658913,0.041124301471836,0.0297942809063896,0.0014927272348289,0.0,5.478526380837964e-06,0.7803816709565383,8789.207403749415,9017.941539945274,9940.4674817848,9930.323728700874,15953.772813455216,15605.816513111098,12900.962909962129,47634.05623919778,6665.188115166908,1320.650971531896,10294.266287836792,2854.130692882396,9736.243545554706,21.91431759140706,2.3881934216985763,1.876072012486634,1.4229274883651104,109,4,36,1,66,85.45039552337236,6801.151221489981,59330,3.2882198915,0.863987363987364
Erati,MZ0703,485355.0,13.092637921276795,5697.232863847747,0.0025575438254644,0.0999571875225538,1.0736508341443096e-05,0.0051906421425852,0.0037765104380975,0.0011060511533394,3.46898492453735e-08,9.886607034931447e-07,0.8874003050590653,8726.638411867805,9102.725689998892,10175.282374335517,11015.16236671878,16018.544026030982,18255.60298887007,15489.797951489409,50286.19702777127,6704.876747073682,1295.9304290220175,11387.05390137434,2774.739094190503,9665.946005388438,47.76530008777129,2.668976858921649,1.8933008427497355,1.106992409426184,1,0,2,0,3,0.0,763.5610415296889,137991,7.718277084399999,0.1945083758193736
Funhalouro,MZ0302,48710.0,10.793660156255225,13616.79580705217,0.0015395417458203,0.7312126427380364,0.0044182206972228,0.0004044000012012,0.0004289910796146,3.017223330677988e-06,2.7622467111840734e-07,7.252668287826899e-06,0.2619856576218149,8253.498289253668,8550.460051420005,9559.19804427446,9738.392418579597,16679.20673730294,15696.984420267998,12418.8322124203,46738.72298502168,6963.654809422023,1176.25027639932,10013.600682006552,2497.028051484497,9751.272146307576,56.36743291182775,3.624752475247525,1.945794239530076,1.5271390330370695,0,0,28,0,9,0.0,1108.9290522461415,12992,0.345438287,0.3479521565784705
Gile,MZ1105,244910.0,12.408650158223915,8971.21733749154,0.0020219028952333,0.5026628086098422,1.9082890211063723e-05,2.611749730854497e-05,0.0018683563064054,1.377104403541462e-05,1.1043339242513727e-08,0.0,0.4933879497136246,8416.106011074986,8768.346094770763,9924.677580350954,10075.998992634277,17029.527028592755,16347.521036383912,13486.597479053982,51033.0313279676,4957.22229745565,1832.2943634408905,10511.21869582978,4107.597458901613,9687.26468400296,91.64480772091258,2.7655502392344498,1.830747220650772,1.1608895050216654,1,0,81,0,18,0.0,1151.7176255116708,74246,3.2542846457,0.2616838921099067
Gondola,MZ0403,256099.0,12.453323272187616,2680.8975053620497,0.0006859542481911,0.2535763884724704,1.1660742505159232e-05,0.0038247604427761,0.0116942486893196,4.21779388715095e-05,0.0,0.0,0.730164809465866,8666.698545622927,8887.684958882712,9802.318255629943,9917.782952166212,15984.062488543152,16390.048146503905,13915.418333547876,49624.20549624028,7259.736873138972,1120.6020623093218,11200.501906782696,2359.7868535240764,9689.52607784241,53.44362735564125,2.179611650485437,1.8943216740083293,1.3653596676360094,63,5,11,0,42,76.37731214491629,5816.595772378977,47792,1.906875780406855,0.2066696778078892
Gorongosa,MZ0908,206021.0,12.235738238185924,6775.412902811033,0.0070830018971413,0.455212544409129,0.0033875933495626,0.0064589476403286,0.0020402151304611,0.000390588786555,0.0,0.0,0.5254271087868222,8562.66350731246,8810.876352282183,9685.188600769805,9805.680756539412,15560.554527009652,15691.087794759393,13315.809921864848,48772.02825244719,7540.859674872541,1016.584344888518,10933.192726813131,2116.945353044434,9752.412209165435,18.54136450701773,2.092532467532468,1.9439180471133684,1.510389998222746,14,1,7,0,24,0.0,4114.368867277583,39628,1.3079391684966784,0.2350967741935484
Govuro,MZ0303,40892.0,10.618714178238951,3966.672472567343,0.0136651476331238,0.6759171312716753,0.0211741476114608,0.0036821629094547,0.0032657169752983,0.0127146110808048,0.0,2.461700858050452e-07,0.2695808363480963,8445.18151212158,8687.68900799323,9530.499332653952,9759.022167621615,15241.154169030238,15260.05404585296,12341.33192373884,46228.093317435545,7014.890906105962,1144.7675571194925,9715.47308490908,2432.6628979909383,9733.620236256069,46.440384672224106,2.8988000774143603,1.984139073036736,1.864478636673855,2,2,14,0,15,0.0,627.8728957803376,14523,0.6737664418,0.2100075471698113
Guija,MZ0208,101283.0,11.525683731068892,4187.284519309772,0.0152034299545788,0.5574566819011807,0.0049048341063566,0.0565553679419943,0.0084454111224034,0.0008013301053549,0.0,0.0,0.356632944868131,8542.205854094176,8990.686725522337,10239.253966686796,10642.49598218993,16729.35277695235,16920.486919311497,13857.280645846711,50547.19910650487,5604.439664515555,1655.3648181119377,10803.287855627232,3679.383929718104,9640.976284855577,38.150501639411104,3.28806630578828,1.9341384655294165,1.4144210350299158,3,1,5,0,5,33.809971560507016,924.9917736621971,36341,1.2430715839,0.3958417044339579
Guro,MZ0404,122790.0,11.718239002107063,6924.717216217524,0.00387310284695,0.455062257418689,9.181326558256553e-05,0.0142665813926262,0.0019163958813928,0.0008754647901982,0.0,0.0,0.5239143844045611,8635.586256927314,8968.159790087155,10064.19790403868,10632.66530026726,16095.459053277917,17170.516853781104,14252.730220841617,50753.54095521877,7256.018951036975,1120.618808473358,11612.826988487668,2360.678366451452,9673.863090231624,56.22228167028938,3.024064443764658,1.9542155958380656,1.381721349709031,3,0,60,0,18,0.0,1372.4589551524662,21080,0.6615290016,0.4427250708884688
Gurue,MZ1106,499618.0,13.121601086934762,5645.69145490936,0.0006904593177936,0.1705439737921079,8.095604598554115e-06,0.0429247410311843,0.0064296510414882,9.361304500306554e-05,0.0,1.566891212623377e-07,0.7793093094787029,8811.304442175422,9131.17164268442,9998.141575684864,10786.992761042848,14629.522258904612,16794.921699954837,14663.068536672148,50674.759683395576,7312.5963474072705,1052.8985235429554,11411.514384806504,2195.393715187828,9690.671992870892,52.3831733066005,2.977491961414791,2.0165805666362404,1.6149059715201943,9,1,18,0,29,0.0,1814.5680942672768,192251,6.4314997961,0.2963903792109201
Homoine,MZ0304,129162.0,11.768830451607734,1917.484993631424,0.0023630213745129,0.3417789794983944,0.0190429048804732,0.0232771418173421,0.0134086021472793,6.424080848875619e-05,6.464483873082384e-06,2.6615492196206377e-05,0.60003202949744,8283.724333125061,8585.69954048365,9547.109311674563,9877.62089110242,16322.198449033456,15791.834463952202,12736.151740670985,43799.87913999316,7867.5946270915665,797.2049261470332,8860.753958070574,1616.7809431318142,9701.5364128767,24.599104789707656,3.987975703483327,1.9840289825203488,1.675841434894022,0,0,7,0,19,0.0,659.7294803460313,49329,1.6109822072,0.3536358049979517
Ibo,MZ0105,34586.0,10.451233167901064,73.8478362227146,0.372429264349232,0.2636095392077607,0.0009013742926434,0.0,0.0410441929399083,0.0029223928860145,0.0,0.0,0.3190932363244408,8480.92773525439,8802.1405386599,9951.713744832385,9750.027465105808,17660.85261552945,13517.814831562288,11335.624411608203,44913.44843962008,5679.870148799513,1583.0874457418352,9541.706741627024,3554.4110886870726,9762.839363797992,67.95957266189355,2.691793893129771,1.6517610550814583,1.4024223098654582,2,4,7,1,22,0.0,252.369557057777,2596,0.1623831548791936,0.2554597701149425
Ile,MZ1107,233788.0,12.362174278153654,2933.53038365618,0.0033295123352698,0.1890921808612374,0.0002062038112101,0.007568564037581,0.001751733050382,4.24467513465241e-05,0.0,0.0,0.7980093591529729,8673.25680549589,9009.251425078704,10038.825727740665,10976.571552670952,15275.706754389865,17743.60946882885,15020.20427879837,50940.64163789216,7091.073654052263,1168.0815585167377,11573.350687239868,2465.6945282984384,9691.045907668526,40.39488284582546,2.9323671497584543,1.981434609871444,1.4990983820010515,2,0,19,0,10,0.0,1004.6626965050322,115864,5.1460981187,0.2984790074998247
Ilha De Moçambique,MZ0704,82758.0,11.32368804865453,181.20704196677136,0.0799525918912154,0.0542750093790091,0.0423600030186564,0.026003879733685,0.0453493416234182,0.0070552951632544,0.0,0.0,0.7450038791907612,9225.90599203233,9615.830337476777,10683.026129551245,11382.216980138284,15765.374226695523,17726.419140602557,14906.423502710157,50174.615628648295,6307.648281733675,1420.0362716836555,10842.98749762862,3094.6043522318723,9692.771069502627,66.80690628833291,2.795498721227621,1.88906998320002,1.8986806252688944,2,1,3,6,98,0.0,111.95208817812888,17688,1.2745994987,1.8682983682983685
Ilha Licom,MZ0804,,,29.354466668177302,0.4377589489007502,0.0048082632905894,0.0,0.0,0.3554857296039036,7.12586655627229e-05,0.0,0.0,0.2018757995391939,9656.70691629956,9895.666431718062,10650.2181938326,11392.076960352422,14898.542907488987,16931.854889867842,14066.209823788546,0.0,6871.672106552358,1228.9777709736682,10037.993263931414,2602.063502755665,9880.0,0.0,3.15305873750914,1.885876316500135,3.347910592808552,2,3,3,1,16,0.0,52.62632887427674,4086,0.3066287612,0.5007142857142858
Ilha Risunodo,MZ0805,,,8.392086031337003,0.7805297761743134,5.933872920177541e-05,0.0002492226626474,0.0,0.1402886235788374,0.0,0.0,0.0,0.0788730388549998,8744.796675191816,9036.995737425405,9789.961210571186,10091.986786018757,12735.917306052856,14164.514492753624,12230.07885763001,0.0,6828.560999246258,1244.662754387854,9401.497577258531,2641.63551200603,9798.937870141055,177.885215893184,3.854356306892067,2.005105296745373,2.936170212765957,0,0,0,0,0,0.0,4.084563180418699,546,0.035484848462199,1.5571428571428574
Inharrime,MZ0305,126595.0,11.748756192616442,2747.481760435406,0.0531779019171119,0.4774766408083568,0.0092933658896037,0.0076402098433505,0.0256304565812641,0.0013751609835903,0.0,2.372466007089725e-05,0.4253825393166515,8158.007619076862,8438.516628122336,9327.73267968474,9428.298256642442,15899.31859855881,14415.167613829064,11630.71569970872,44580.279177666445,7737.18796144338,842.8675611215291,8957.503020608814,1729.8323694548094,9778.340991262794,51.34180646340536,3.8418760002783374,1.9842905587089887,1.8140808995956448,1,0,6,2,36,0.0,851.4570994969819,40875,1.5247368588,0.343223651481771
Inhassoro,MZ0306,64833.0,11.07958543609601,4745.521947112212,0.002916359025091,0.7621772246546591,0.0061881488574592,1.032226882565846e-05,0.0057077221467684,0.0052177735022105,1.2518059609645448e-06,3.63023728679718e-05,0.217744895366157,8380.41648647355,8621.278683108469,9472.338014330451,9750.488187167595,15332.854825412813,15884.92453349926,12706.594208773262,45866.942874813714,7262.358271334706,1053.1130545585652,9713.987070900585,2206.919555407805,9705.416280910991,66.91044615213958,3.2301541976013706,1.9761167766152927,1.7241798041414034,6,11,22,5,54,0.0,1325.5891574092566,18336,0.7533424106000001,0.2468419945297707
Inhassunge,MZ1108,113913.0,11.64319905671944,754.8264515045328,0.0651583404503218,0.1573183240139075,0.1882752433904435,0.0560827936833888,0.0399149500067868,0.002370921067712,0.0,0.0,0.4908794273874393,8563.61610976534,8763.868264300409,9569.195074909789,9555.029387001849,14507.330590438762,13713.859317303668,11486.759362713332,46360.36972408402,6922.110327336696,1199.8975810539105,9825.52458733084,2546.959657793157,9723.138416917256,65.88868885026073,3.3100380668652765,2.072282505170923,1.9587357721613603,0,1,3,0,10,0.0,163.2465261003892,18143,0.7720207989,0.2565299514301133
Jangamo,MZ0307,117471.0,11.67395528629656,1293.3118166686927,0.0152767873129713,0.2221376780606183,0.0140871014921681,0.0012594456500939,0.0219332748386525,0.0022726167981053,0.0,0.0,0.7230330958473904,8464.87473229574,8795.795125099032,9790.452939635565,10279.034152418924,16129.484285951596,16030.93031958394,13269.49929655754,44003.838857694114,7846.950790608075,793.5384345739053,8830.683692978162,1607.2268550946617,9686.49593901438,0.0,3.575548984439381,1.9413758717372585,1.8706189332229304,3,1,8,3,21,0.0,582.2768390579935,37065,1.4831530124,4.903738601823709
Lago,MZ0806,140161.0,11.850554175474803,6557.12419114322,0.0075772272478506,0.5699596046887666,0.0003000201192462,0.0059306309702588,0.0036763432807645,2.6399584444126083e-05,0.0,0.0,0.412529774108669,8422.989940726855,8718.06838830039,9497.25022300507,9915.4800632052,14691.557373947917,15202.885181030142,12248.685106820843,47156.16580910167,7345.096436744681,1016.6418339366334,10030.343868233169,2114.087883343696,9723.419181271607,9.87425300503156,3.467159978496664,2.011937815645469,1.9680230439646489,3,8,5,1,34,0.0,929.45154396753,31448,1.4754841001,0.817855889764282
Lago Niassa,MZ0807,,,6933.0252203663495,0.9971008703141044,0.0006684351989369,0.0001770636072033,7.028610460924798e-06,0.0004010754634651,1.883380721468217e-05,0.0,0.0,0.0016266929986146,7642.789731510457,7822.030400834699,7915.570018400464,7522.28126311092,7509.987309012542,7595.964797131351,7540.569144731983,43779.21367166231,6937.3306852251135,1173.853113468981,8981.242198295015,2488.862432437092,9892.110103822566,26.15903498535277,3.936730385117626,2.1003306431542645,3.695090708689565,0,2,1,1,4,0.0,16.620816720718395,1691,0.0932524461,0.1120570154291224
Lalaua,MZ0705,125645.0,11.741223708004208,4528.907486674673,0.0024910287910806,0.3306707204151495,4.646117589622063e-05,0.0123686225341231,0.0041691176352123,0.0002425822032969,0.0,0.0,0.6500114672452412,8730.942297248037,9040.593365068522,9886.4364560316,10564.151978204236,14320.574881362449,16352.29733905118,14367.73208906623,51585.82313312352,6174.983690328449,1467.497300463884,11394.731607899968,3190.9862098748376,9682.433630047128,80.91969861596432,2.98159509202454,2.00983649182522,1.7325502041134668,0,0,1,0,3,0.0,888.4672394242792,42586,1.6912354516481931,0.2553504523439642
Larde,MZ0706,117341.0,11.672848026820704,1842.7307048396176,0.0139692941388578,0.236715956613975,0.0101347676164435,0.0014264203215735,0.0037096629675952,0.0032325544739739,0.0,4.360141591238034e-07,0.7308109078534216,8359.169719130896,8673.812384021541,9623.84564058494,9941.675516406707,15928.32487145333,16003.563356106504,13008.025659204515,47674.17722644592,6631.887218378091,1295.9353163141843,10196.207502990736,2792.322576707389,9738.09129199695,37.01678622308268,3.070073783817583,1.959519418364713,1.764869623861519,0,1,2,0,6,0.0,574.3209778732311,24979,1.095333555662234,1.0829721715328466
Limpopo,MZ0209,178235.0,12.090863793817531,1635.5788842626205,0.018573183149389,0.2982194936316876,0.0212684081690639,0.056664950524212,0.052677626945885,0.0028933810852139,0.0,1.2101133773374928e-07,0.5497028354832106,8428.626455446183,8813.327401146438,10048.23127626246,10147.563539298808,17902.214227181485,16205.66128951072,13033.136705733596,49408.147317901065,5510.450043571731,1674.9480559036865,10463.327735190163,3768.313630841404,9721.462912532088,21.29067577941976,3.012977505656861,1.629930722645248,1.1702277398356944,1,1,7,1,8,0.0,942.4702509279437,101174,3.9649976131,0.4705987170349252
Liúpo,MZ0707,108212.0,11.591856786051649,2120.148893792843,0.0041828039419102,0.5054393007830248,0.0014076334923258,0.0,0.002434049293117,0.0012001674527499,5.212087084309463e-05,0.0001866084417496,0.4850973157242794,8010.03648273033,8211.91417292478,9041.257198248864,8957.00576591819,16627.240520915602,14546.341491291974,11130.615851977178,45361.9925915777,6531.663657834865,1289.331226981034,9317.762820055024,2776.847006981782,9731.592982629476,37.50628453154856,3.607174103237096,1.9658815962496217,1.6735808996024657,0,0,2,0,1,0.0,463.054827569968,32916,1.3720460485,0.2132253056471958
Luabo,MZ1109,68323.0,11.132016374757953,1121.222695943781,0.0430615978142332,0.2886569822333609,0.0308301770267787,0.0028721234791896,0.0041561441642352,0.0015281391880554,0.0,0.0,0.6288948360941466,8981.826468082485,9229.517357297558,10025.45327592047,10057.520467446086,14898.247754636996,15536.288627942067,13222.84872155446,49370.326138812976,6415.841040181079,1395.608432957383,10574.951589886625,3015.084350485327,9657.248128763742,96.79100562222258,2.860617399438728,1.9441857470869723,1.6686306200411405,2,3,6,2,8,0.0,287.7034383018953,7852,0.3815516782195773,0.2272115034583182
Lugela,MZ1110,216856.0,12.286993429120654,6132.240050309772,0.0056263386488885,0.5997743799644484,0.0002024790992763,0.0052865103813557,0.0010083842261201,0.0002442945451849,0.0,4.9117595037511843e-08,0.3878575640171309,8744.964635031807,8975.908190473881,9681.272664262558,10068.924635765134,14517.538231964492,15859.905426601626,13371.979864420342,49101.64532936712,7071.084655309337,1170.1742259734704,10871.27155079849,2469.7491851078003,9742.6942710499,63.03052667310052,2.897920927062031,2.012407049578341,1.81159705427436,3,0,5,0,12,0.0,961.6774085861874,82111,4.3667643589,0.2909154882380537
Mabalane,MZ0210,42434.0,10.655728772403778,8921.829317163621,0.0022038810680369,0.5393885977769203,0.000680229125153,0.0159557501414131,0.001301373111643,0.0015839133884172,0.0,0.0,0.4388862553884162,8540.8725934321,8934.4145428834,10088.692569914445,10573.183055815876,16283.792050171323,17124.208033112318,13908.99058060787,51008.91604610985,6081.432276821979,1520.390878778132,10993.697009658685,3341.540209784053,9641.137524980655,81.9275518604739,3.2505824111822945,1.980963031897592,1.50865173576,3,2,11,0,6,136.97090480221618,775.5414453279795,11956,0.435716293536977,0.4015022875241951
Mabote,MZ0308,56352.0,10.939390756737572,15325.231059922966,0.0046378106193229,0.7268180983256189,0.0071314432547465,0.0001106196506276,0.0001714249628251,0.0011874308314219,0.0,0.0,0.2599431723554368,8321.193393770767,8631.679491922077,9587.661469774035,9905.218631608048,16001.469108175836,16156.789584765278,12883.49257476349,47370.018849232045,7095.274483941385,1138.978711002237,10207.643313245866,2410.2613249395035,9736.519417972151,8.307595850090122,3.765740074563412,1.960783682596,1.6550302796607017,1,0,4,2,9,0.0,1500.7386920176318,21758,0.6333505744,0.3411543972163471
Macanga,MZ1008,200412.0,12.208135516348344,7191.267623719892,0.000115219627183,0.5504508327204962,0.0,0.034968431423565,0.0037308410927392,2.7374584742947653e-06,0.0,0.0,0.4107319376775421,8506.690740100374,8731.604527820258,9675.808251591809,9870.12530182943,16096.199442420524,15818.19851136264,13408.140589605056,48173.6958507445,7976.218646257862,806.465286634484,10625.044798644123,1625.50199034583,9710.419159097595,44.46979300419739,1.8888888888888888,1.9643229670476847,1.629696127085846,0,1,18,1,7,0.0,6098.676180775122,73658,3.3396058943,1.396701812853736
Macate,MZ0405,108488.0,11.59440406433462,1778.9451290609916,0.0035522253485334,0.3159002637970898,1.7548709608951442e-05,0.0092818790358561,0.0013437535645816,7.94689982607896e-05,0.0,0.0,0.6698248605460692,8480.19827004221,8681.023189004314,9603.198381710532,9754.9813129922,16214.071029672035,15837.657618659345,13178.403962697295,49686.75342965161,7252.297819961279,1125.4633706003233,11251.515015614736,2369.353847977439,9736.25267505262,37.67215562728485,3.0953045095304508,1.9160426410734468,1.481183553221468,2,0,1,0,4,0.0,400.1049880496468,28079,0.8357597150999999,0.2022217184311948
Machanga,MZ0909,70525.0,11.163736715138688,5715.080051157749,0.0310437866690931,0.3671560309909422,0.0352916767959033,0.0039588814198234,0.0020199947707101,0.0073365764705527,0.0,1.062028202535767e-06,0.5531919908547723,8634.65689893522,8906.72411131939,9859.518805073432,10055.278667324072,15590.67817386009,15895.312779012958,13112.361389868973,47063.61089716829,6775.91970041319,1256.3740619669215,10056.638180820226,2700.600391510297,9746.79446271006,20.47334423435793,2.940576349784697,1.9532872139303428,1.470611085509547,2,0,25,0,12,0.0,977.166451935816,13679,0.6471372229,0.197834687389615
Machaze,MZ0406,170128.0,12.0443122518008,13285.797772730688,0.0013608802784788,0.7299661452013013,1.0043532643743646e-05,0.0032582691476178,0.0003527376959275,0.0022353224715287,0.0,0.0,0.262816601672502,8424.032807840917,8710.318379278031,9721.103299802662,9883.563496117798,16437.62413511798,15820.6176744527,12814.75546522702,48284.74082222023,7345.798739022546,1085.7288075252627,10759.77332815065,2280.0445179575395,9693.68661263507,5.3439810902621865,2.8876,1.8782335249886424,1.4703722996693056,0,0,25,0,13,0.0,1478.461350030144,39995,1.2351659884,0.3815426459097193
Macomia,MZ0106,112328.0,11.629187344254673,4189.459656148034,0.0060743363477937,0.6498042916640614,0.0055313945753876,0.000129544585546,0.0042095692501127,0.0017902866847106,7.989889866188833e-05,7.141469080278835e-05,0.332309263302923,8190.146851967958,8297.202220237352,9267.543904777882,8784.598589281475,19467.74469011594,13645.305266134785,10634.527669814994,45144.43571495639,6455.755568808089,1324.740319180088,9439.57232854738,2897.5984705925875,9697.992748967092,31.86567657472356,3.1522572402044293,1.3970849959020324,1.055100560752568,2,2,74,1,66,0.0,3003.7168924661687,30381,1.7314040772909516,0.2203848075962019
Macossa,MZ0407,56429.0,10.940756210963183,9557.237748790663,0.0002603862072243,0.5526252533964982,5.837788295526357e-07,6.984496710719034e-07,0.0005535786997452,6.837509541135245e-05,0.0,1.6053917812697483e-05,0.4464750704548075,8500.351340837966,8783.343902240182,9729.590018176908,9953.243406176607,15656.378130469688,15818.09502121734,13396.57912859346,49468.92029603988,7519.401508483731,1015.51735957981,11300.74835651083,2112.6632504926824,9739.933068361555,9.377497995374933,2.038772213247173,1.9765301750201285,1.6349972788460096,1,0,1,0,5,0.0,484.9143769089095,6964,0.2089633646,0.8968856437329702
Maganja Da Costa,MZ1111,177175.0,12.084898867799682,2872.54891376865,0.015972098731977,0.4099586920197923,0.0347435985093812,0.0099548416771117,0.0069469790406282,0.0007728187808714,0.0,1.5317818982091935e-06,0.5216494394583396,8534.251811948827,8744.855487979308,9608.30395742132,9714.10345036239,15802.420907228628,15577.26514499316,12595.327555823784,48187.3385798959,6464.457869889705,1365.344087398213,10333.988810055798,2971.75210388135,9662.046002131296,91.9453357049642,3.1999858717151737,1.969296869123314,1.7037858016325649,0,0,9,0,7,0.0,570.6326765333345,48546,2.4065144557,0.2479415954415954
Magoe,MZ1009,116798.0,11.668209787695776,8553.452604019913,0.1220574312914536,0.520149493453819,0.0072088148240438,0.0450243451641063,0.0017112806842799,0.0008534163133456,0.0,0.0,0.3029952182689515,9086.849887552104,9499.19962802551,10682.433606486497,11387.059315678314,16095.116673615496,17557.8233530103,14742.983565965187,50361.75649023321,6826.339998794148,1240.1758610778024,11200.511596674109,2642.8861308408013,9702.085885794688,64.31702174476513,2.9919523999596302,1.8159729614783653,2.065188950375252,1,0,14,0,7,0.0,655.7980985543621,25397,0.725260557,0.4063997683341779
Magude,MZ0503,72727.0,11.194481733801696,6960.719003093598,0.0026654672928526,0.5761371522116201,0.000693532890953,0.0177036959078837,0.0047991438441291,2.200651027829456e-05,0.0,0.0,0.3979790013422831,8324.50951753826,8616.21597530986,9729.04525271114,9606.574118025756,17274.47722094654,15286.493285933111,12167.531752052311,48974.45350519613,5732.730830357571,1628.4834975574067,10354.203206431092,3636.279734296556,9688.8293343007,32.62363412379438,3.104575163398693,1.8972467603294088,1.3143149744888394,4,3,2,0,7,71.13119070755099,1291.5704314174156,33203,1.2934168557,0.1488106219426974
Majune,MZ0808,51400.0,10.847412906506923,11311.553392023348,0.0032329744673214,0.8174422366504813,0.0003466548904137,0.0007326234213404,0.000968321022853,4.67622637655756e-06,0.0,0.0,0.1772725133212134,8079.9080641520095,8300.85599301788,9107.154861776284,9201.229051150409,14674.35683641341,14225.9236518434,11152.763294571929,45160.02422949924,7388.982615058066,980.9278380773212,9337.311440245172,2036.257120607952,9753.447460353957,29.365676762943167,3.0087626384208,1.999192960923945,1.9789840330495976,0,1,14,0,8,0.0,724.1229798020976,14275,0.5302551118000001,0.1942656621290548
Malema,MZ0708,264175.0,12.484370826671611,6052.7698805368,0.0025428116057294,0.3503386561471985,3.091880820231719e-06,0.0113793093516099,0.004200564190139,0.0005027398213696,0.0,0.0,0.6310328270031331,8705.279376884202,8994.708768742743,9853.09475750942,10527.689414703957,14420.72799171267,16179.333687987526,14161.651222154636,51219.16151565114,6404.6569564117335,1366.47825032056,11282.911502173463,2952.457127497089,9681.59547907597,55.094737054907554,3.0431266846361185,2.0147589578948844,1.7704021949734423,18,8,5,0,15,116.7916261930636,957.0951306264516,88892,3.7344483924,0.2799993160990289
Mandimba,MZ0809,262919.0,12.479605082377512,4687.968698835471,0.0077833285591545,0.4674037869347537,0.0090894358587406,0.0187719641850719,0.0063839881616962,0.0,0.0,0.0,0.4905674963005828,8512.1354905616,8798.665564030305,9583.252818500998,10218.725458938308,14061.126302708268,15862.261527146107,13190.565957893472,48016.15394547477,7187.858037751129,1085.792811509138,10465.69649280476,2270.703382879969,9763.570555456345,0.0430961687176723,3.3563680895731283,2.0599072442131825,2.009089817898478,11,3,14,0,20,92.40661810887312,802.4922151924325,56450,2.420617346,0.194922913343966
Mandlakaze,MZ0211,157663.0,11.96822146534369,2986.584538773474,0.0248868817406849,0.4175394395709109,0.0628500919166921,0.007835899670792,0.0162754536869309,0.0006404369857497,1.330294408785903e-07,5.021861393166783e-05,0.4699214447848668,8385.083351352698,8734.653333723465,9798.489438337576,10106.110216230249,16343.931364498596,15737.141738628245,12874.681393499044,47163.0132293905,6816.798521714053,1199.1771536241797,9911.295391849788,2584.388588355562,9718.9742694669,97.03144401367092,3.596467895084716,1.9364877986350493,1.6342858519290666,12,2,7,3,37,0.0,837.6069916342551,54924,2.1028855138,0.3582509007533574
Manhiça,MZ0504,245909.0,12.412720894315186,2363.733448029081,0.0219799157168977,0.2603980477648797,0.0740582304959113,0.1505424914951101,0.0441721325967155,0.0046273133068556,4.970261339264902e-06,3.4833596276864944e-05,0.4441820647660137,8543.081249127086,8880.789070320176,10050.690874930622,9965.039557391325,17595.41459913941,15888.731936589056,12814.513671390629,48954.17000535714,5863.401396923646,1602.9640553290171,10455.080406645591,3579.7857804922646,9709.862846873626,3.3020112069518706,3.290728945506016,1.652564692417963,1.156278134872897,20,67,8,1,47,69.5575443592698,2801.1320126406645,96028,4.5424582041,0.5566497967311044
Manica,MZ0408,290267.0,12.578559913141133,2531.66985032642,0.0260739996607035,0.4012913541020227,9.91897986227884e-05,0.0190217380667509,0.0203235748159997,4.376250783752069e-05,0.0,0.0,0.5331463810480628,8646.856333325974,8899.746437243704,9953.975547742397,10176.843833138992,16966.166062515895,16632.417526474484,13713.835082153346,47878.56501257962,7849.698918310268,884.2404574152687,10705.12249369779,1797.817244440398,9732.658704873063,5.138595607743429,3.6563542361574384,1.8253874369704808,1.3002366089546964,15,8,11,0,22,76.83459913597197,924.140595022574,76108,3.6531786341,0.223304
Mapai,MZ0212,31695.0,10.363945768938333,11593.100622619522,0.0016156647158149,0.6862871547207884,0.0088291023881776,0.0034548792124011,0.000824474888524,0.0006926613732822,0.0,0.0,0.2982960627010115,8674.506713257219,9061.855790816771,10195.06125687568,10762.42620131796,16377.44089681464,17632.686517482143,14439.720716405898,50720.84061113914,6681.6415851471975,1340.7035573188475,11428.306582013913,2895.423719144976,9691.507017673885,0.594581812707156,3.260662318113397,1.9715430539424728,1.368103154032313,4,2,17,0,8,90.64637461675194,834.6817931950699,12456,0.3388929581,0.1695583945963464
Maquival,MZ1112,,,617.561655098893,0.0579023415404465,0.087391853183522,0.1410424004832788,0.0301642149699154,0.0611524210717474,0.0022154051766354,0.0,0.0,0.6201313635744542,8470.401097024955,8672.720927022412,9552.12494315086,9539.367965418289,14771.058626176033,13985.809479458028,11550.334268589488,46042.53560047463,7190.7338160240815,1093.5049960658057,9660.314775967488,2294.8745576738443,9689.107025235982,13.190018860874362,3.230366687848092,2.093449735369612,1.8624463006374847,1,1,0,0,18,0.0,442.9061955598464,20477,0.9327303204,0.97713717693837
Marara,MZ1010,91709.0,11.42638670355299,2713.7179854671062,0.0069177746353155,0.2508806303154017,0.0001027241528146,0.0981517907112785,0.0041458000588095,2.62313461651698e-05,0.0,0.0,0.6397750487802149,8785.737291485386,9184.555691361273,10463.578352478791,11225.158380944027,16587.91210896835,18153.27899036094,14906.5090153411,50265.95803681967,7089.833335664188,1181.6289749677287,11357.346141269783,2501.5556211894686,9656.468644632503,85.38859316400396,3.035571237840931,1.894726841604645,1.4086378774044614,6,0,3,0,3,0.0,2725.193268394904,21977,0.648410243,2.6193242936141203
Maravia,MZ1011,154544.0,11.948240595047276,16696.071201412924,0.0466470521701435,0.5980874670511225,0.0002710212119307,0.041413183564666,0.0004738705048931,7.2959322451327714e-06,0.0,0.0,0.3131001095649989,8774.115430448815,9034.780129186734,9975.52024875032,10289.026523557388,15852.359705271285,16447.737929400122,13792.873426031148,49197.85576575641,7277.465885627764,1064.1442647854774,10927.6521991368,2215.379142668523,9738.28904349228,71.77300324797315,3.1096942809578985,1.9656790289290311,1.5852550257238187,2,1,47,0,1,0.0,1604.4990525962733,32057,0.9500679993,0.5242519081136581
Maringue,MZ0910,110233.0,11.610360658060928,6148.72206174232,6.220238001613305e-05,0.4334740843253472,0.0,0.0036067651152837,0.001485365592867,0.0005648482026803,0.0,0.0,0.5608067343838055,8614.50292214125,8868.440373897049,9905.52259953155,9879.240416664134,16832.236166698807,15946.417148385764,13262.853553674076,49502.50674757635,6876.694110597889,1236.9179114625624,10954.585681221412,2666.841793751952,9652.178706948283,3.0613015637959204,0.0,1.7770681118331664,1.222500251319269,0,0,22,0,6,0.0,712.8074364258003,24604,0.619796309,0.946916533758639
Marracuene,MZ0505,281779.0,12.548881903607269,696.5217233351727,0.0403224871832488,0.1971604574994353,0.0481781797655178,0.0547449185966346,0.2151635515537687,0.0104070295467207,7.631963000243374e-06,0.0,0.4340157438916736,8843.776219415431,9215.64810340473,10427.191085521685,10512.10270290809,17606.811462493883,16410.545550248433,13531.575590010883,49338.74320757507,6093.671176164759,1561.2855193844082,10474.41470293405,3461.4705768820168,9682.998314748493,28.271120249756155,2.966681574239714,1.5746540887677234,1.220951418708428,172,226,8,3,194,28.831942650457894,2427.0699629000724,159614,9.9736340375,2.989846153846154
Marromeu,MZ0911,187005.0,12.13889598088349,5760.3351857385,0.010134148853666,0.4820321346797246,0.0131151193068054,0.02548764810927,0.0027337800774854,0.0008893117366083,0.0,0.0,0.4656078572364399,8433.962280739404,8611.639882248024,9549.475434161017,9169.447219741238,17740.634015428208,14627.36056262608,11759.267359798232,47909.61018932353,6805.951677742006,1267.7862954728182,10302.697970329948,2718.963546838525,9723.6842916984,72.9523825095028,2.9298685891586054,1.5764955760230126,1.1787016371765922,3,4,3,0,8,66.6628965090923,699.3411496303492,26252,1.2648671025999998,0.2248576782999187
Marrupa,MZ0810,99130.0,11.504197486739605,17452.657572233504,0.0032441826395175,0.6916182817943899,0.0001630704495895,0.0031809454394065,0.0004439282148223,0.0004631387245027,0.0,0.0,0.3008864527377713,8439.74447748405,8787.619400330126,9678.721959194529,10392.472111475088,15200.926245111246,16739.777737491917,13345.556998101314,47633.17093584113,7368.8694930991005,1021.3675805314068,10351.647780561583,2119.626746436814,9682.442591521356,60.37665117532416,2.9948461364833348,2.011120440126899,1.86531239686393,1,3,1,0,33,0.0,1241.496969623813,29463,1.4940497728,0.2575729846948368
Massangena,MZ0213,25097.0,10.130543440670252,7539.103771720734,0.0012202831599491,0.7651177606868989,0.0004710492005011,0.0014492193436168,0.0006377148454577,0.0019771315479649,0.0,0.0,0.2291268412156112,8474.355267199799,8835.654473941702,9981.47232134126,10351.0730130047,16707.90199892608,16946.514225886785,13812.141707973044,50036.253204780274,7179.054421170809,1164.9846111102463,11399.31147553838,2467.49275601132,9704.819884557057,0.6921991648421374,2.831111111111111,1.962214934655495,1.3400718466164248,0,1,2,0,1,0.0,843.5595176043121,7450,0.1948055101,0.1699483367599768
Massinga,MZ0309,278336.0,12.536587888730804,7409.725625184555,0.0019899789887239,0.6882570825677707,0.0020165497827827,0.0008345864238947,0.007041703924368,0.0009157466991201,1.9305240651499176e-06,0.0001779082278687,0.2987645128614057,8021.962397903519,8225.686526982572,9042.723176017646,9050.133094309973,16458.63626203438,14355.827415934022,11213.249816087013,44581.54257592639,7570.509126627018,939.502896260168,9211.408677901858,1942.2760344609176,9777.546017331357,45.453909793350775,2.5204662134036355,1.9724765495341088,1.6842480690491748,7,0,40,2,45,0.0,2675.1119448528657,144315,4.783197335800001,0.3334762462718364
Massingir,MZ0214,40337.0,10.605049231697093,5681.095516507953,0.0264483576345392,0.4713362580449103,0.0002427525438368,0.0239307945641362,0.0025813867814421,0.0003557188012846,0.0,0.0,0.4751047316298505,8456.439179359762,8765.50010396605,9883.485547069791,10192.815478570954,16288.559935959993,16323.237885536184,13260.069859137277,49385.68226154051,6416.881905517303,1411.9876900883403,10696.046375976011,3075.554250552147,9671.870251074675,33.43494817760106,3.934886276740048,1.9433312540318093,1.282576937844048,0,1,20,0,9,0.0,1071.8284316882837,12730,0.5417743860893758,0.3985698531945689
Matutuine,MZ0506,53377.0,10.885153955040415,5337.850697373463,0.0335736904367105,0.5872034286353777,0.0272187885609422,0.0048260868546223,0.0108757237592238,0.0007980979824387,0.0,0.0,0.3355041837706844,8163.138223520273,8433.071212130384,9421.16647488474,9217.500834720498,17072.195347396668,14241.90378943333,11177.897807471523,45823.076506680445,6798.381321202028,1239.264991656153,9576.339736159953,2718.317691554644,9782.575320946718,19.12178977138011,3.254810140394268,1.7267481073922073,1.4626109631812358,20,115,25,2,113,46.60331881710477,1566.7045750930106,33480,1.7885563972,1.0836144578313254
Maua,MZ0811,85623.0,11.357720896664212,8049.341052767328,0.0003840473011192,0.7840588332298651,1.3886706033880687e-06,0.0018568860900171,0.0007258814737196,2.5155829425976782e-05,0.0,0.0,0.2129478074052494,8549.988202982993,8824.384892857603,9680.071502937268,10169.173760850545,15198.43277508302,16396.6496940471,13307.74077630837,48617.88463451104,6811.08077790172,1211.220889955146,10487.441153437989,2580.4503029853795,9722.000887083508,49.7727086541812,3.0357142857142856,1.9939275683382,1.771451310660406,1,0,1,0,4,0.0,557.2370321326481,31381,1.3600547261,0.3024921957637832
Mavago,MZ0812,36893.0,10.515804215181523,9205.506976662404,0.0013475998702672,0.7710735817263171,0.0001439418696978,0.0012888301920999,0.0004250598973869,1.976670332166892e-05,0.0,0.0,0.2257012197409091,8225.853794332905,8540.41445344969,9445.085853207122,9875.851408197586,15180.22176272788,15516.839674257995,12050.297193251185,46401.26417372927,6958.380240814739,1128.795604444073,9667.532538271576,2387.2452314101024,9736.299411929316,24.796614572238788,2.833269008104979,2.0102485786650126,1.96647486505235,0,2,1,0,3,0.0,458.6321674912289,11005,0.4250686320328125,0.319625360885676
Maxixe,MZ0310,159147.0,11.97758986587036,267.8917058350167,0.0108724132201797,0.1011988234857388,0.0242013639982455,0.0018813271790147,0.4388422701780449,2.4507710377970163e-05,0.0,0.0,0.4229792942283981,8511.148135887011,8740.19354190767,9613.568443801354,10077.005940314164,15736.122341830302,15531.337729364195,13072.124164468962,44122.36892395547,7824.931504405041,813.8873554886435,8959.67384669715,1654.6744674919148,9721.844057272692,0.0,3.305044510385757,1.9897590732409136,1.885817003203934,13,2,6,1,66,0.0,1151.101863579477,78634,3.2965614934,1.000881704628949
Mecanhelas,MZ0813,325896.0,12.694336659505591,5019.267134087098,0.0301648989235272,0.3351944177090524,0.0197354811275841,0.0113729821351726,0.0060806410550829,0.0,0.0,0.0,0.5974515790495806,8645.689134576804,8923.758184044833,9629.37767983514,10302.449543894789,13153.330368461142,15057.437693591875,13262.541778642228,49073.021308995616,7270.23453865646,1065.5466325441896,10875.563906369702,2221.368883826432,9747.106028977842,26.397399002893803,2.810391791891769,2.201142599114412,2.5262296471440973,6,1,3,3,74,60.79865146256957,1978.45689216644,92006,4.1293552373,0.2032609592999257
Meconta,MZ0709,280037.0,12.54268058722875,3674.7132850631992,0.0001527486253158,0.2168531206637698,8.739947590249447e-06,0.0004654088910979,0.0060557680286409,5.511245238866777e-05,0.0,0.0,0.7764091013911966,8382.68234680154,8714.911055362627,9674.694427879833,10198.750697024056,15860.76019536699,17172.452347343165,14004.628208948225,48959.66853901345,6166.514005828192,1437.0618045511485,10426.305392977596,3121.296528688544,9700.16988346766,31.58307737026381,2.8461538461538463,1.9836501776961764,1.7307390813195536,19,5,7,1,15,66.28815897381207,1110.3030024002169,68885,3.7972868144,0.2710284046255754
Mecuburi,MZ0710,250289.0,12.43037552456423,7183.833095211236,0.0007957938313067,0.2619095221296597,1.2828303028719811e-05,0.004515466625338,0.0024963740492786,0.0001234261112795,0.0,0.0,0.7301465889501086,8748.322895509104,9145.937959844434,10131.3304892065,11035.092174630918,15025.05064554619,17683.720545898985,15316.193229278864,51752.33460252628,6241.224392496941,1449.8650136849794,11520.93328135114,3136.920108220983,9729.723599845,69.20475851214934,3.034129692832765,1.99658841006261,1.646120429203057,1,2,3,0,14,20.82840203715788,946.3649485761102,68338,2.8424545322,0.2448388119040074
Mecufi,MZ0107,55739.0,10.92845330103594,1234.587319806463,0.0085484175057355,0.1313713055300659,0.0053670806633496,0.0015905078287223,0.009635869420335,0.0017313474254296,0.0,0.0,0.8417554716263617,8285.884823875225,8462.200909483188,9818.74991793998,9213.291954429951,20348.22411199994,15150.778362708976,11636.488515654102,46465.0694138424,5858.409498650568,1530.4327321850826,9611.354875619192,3407.4009065601,9652.30079147276,48.19642649684658,2.9270967741935485,1.178589992876807,1.06810084010741,4,0,29,0,29,0.0,471.9087560293007,22770,1.304861979291508,0.2867228306655434
Mecula,MZ0814,27849.0,10.23458824535543,18013.188554300872,0.0031327726394254,0.591737245726416,0.0001687460847393,5.298375968677108e-05,0.000116929295125,0.0008660521829969,0.0,1.1061327700787282e-08,0.4039252592502828,8139.734404498647,8435.202863984838,9328.030671078996,9667.289118590186,15435.32090565268,15267.65043255362,11877.598760907424,46694.91058365586,6876.69907484034,1181.1068665966948,9808.862748012025,2515.855456922776,9647.176715329722,86.85520429030694,2.8980505863774044,2.020084531163453,1.9531786484173403,0,7,8,0,10,0.0,903.84399141234,7071,0.2963023672401358,0.2997608016627768
Meluco,MZ0108,42420.0,10.655398801626768,5725.128237083355,0.0001683368417251,0.6107021748557497,0.0,0.0001385129070975,0.0008287686048057,9.5339376586024e-05,0.0,0.0,0.3880668674140357,8311.76191821318,8522.853842976718,9344.932548900995,9612.11536983876,16502.008876790413,15639.251110518517,12652.75258166472,48797.06029818496,6671.007448717493,1280.5629689106004,10436.91959216131,2761.097715650741,9728.396398906303,26.169240901570728,2.511961722488038,1.7681717182303551,1.0786975224187756,0,0,33,0,9,0.0,524.04560993065,13464,0.7456586887146355,0.2209053137983818
Memba,MZ0711,394312.0,12.88490028914216,4448.557899797829,0.0069571426619487,0.1605898181398882,0.001701594162827,6.647390271682083e-05,0.0017035714948263,0.0027575338848608,0.0,0.0,0.8262238657529319,8794.436357899893,9113.4570223831,10195.965405567027,10754.037390092715,17222.915109598707,18030.934390443206,14751.078628961728,49111.50184609204,6466.804136983381,1372.712339980416,10851.07292636798,2987.710432032049,9645.355308111444,43.31151327039984,2.973997632785915,1.7246007845557882,1.087294966461868,1,1,6,2,16,0.0,1395.3232041679323,96695,5.3855638899,1.5340417581391006
Metarica,MZ0815,56285.0,10.938201115354008,4862.017156785577,0.0009188298324062,0.7458429013458621,9.343894479968396e-07,0.0022426565520769,0.0023641068675024,5.1289855569391744e-05,0.0,0.0,0.2485792811571349,8627.160956780905,8901.616278353687,9715.48956537644,10247.4017628387,14725.264213720158,16270.228923927862,13535.654285781418,49810.82877353686,6330.827050479432,1390.6239241177132,10728.637732197469,3007.8249700402694,9716.4000987798,59.89549803028574,3.0588235294117645,2.0106398859116,1.7341136437124365,0,0,1,0,6,0.0,512.7637086238267,26782,1.0639537821,0.2933179723502304
Metuge,MZ0109,165324.0,12.015668512542865,1587.8747916339923,0.0098285790298893,0.3881901774720192,0.0125946210924319,0.001932960126962,0.0082356153498112,0.0055355847320029,0.0,0.0,0.5736824621968833,8211.594255855882,8365.790831362543,9567.40684750495,8895.538809460433,20320.485852374022,14447.424278489332,10907.728919325536,46822.33235276685,5742.927267077801,1570.8479421321774,9567.440710234305,3512.430267904635,9634.28916493652,58.27287794794701,2.8911764705882352,1.236829001993288,1.0844767393913848,2,0,44,1,102,0.0,598.590423874652,17964,1.007019869860008,1.4832325886990805
Milange,MZ1113,702055.0,13.461768451906098,5512.341530659812,0.0023654597066232,0.1160781259428374,4.70194232681375e-06,0.1983962695299867,0.0064964623077996,6.682954462180629e-05,0.0,6.615523506330974e-06,0.676585535502298,8884.657319623277,9119.847314351093,9871.251027222554,10452.403341826226,14345.404633191722,16830.95481857204,14417.801209223268,49184.55967027482,7335.58249208034,1065.367211754672,10963.28554201536,2220.151584303555,9702.66968111989,60.45046492272008,3.0,2.017249132313787,1.7814612856769805,20,2,61,6,195,1.3026705293611678,12705.070969992552,171608,7.0683705587,0.5058759886584092
Moamba,MZ0507,108751.0,11.59682533958642,4576.913463732149,0.0218980624053392,0.4000625902935399,0.0012185503292643,0.0254675767959308,0.0140021142070347,0.0004984664925186,0.0,0.0,0.5368526394763723,8476.86132632665,8771.653417331212,9722.582659052874,9878.983416790988,15873.77098891235,15392.3905111764,12789.613335335922,49069.1792810768,6856.383622613488,1224.733402857476,10897.840918169408,2693.378172686928,9713.698644460354,11.790015114244104,3.13899795103078,1.8953181994651125,1.4527512903141293,22,100,3,0,19,76.74718903409024,2404.292891786071,69124,2.7762498246,0.5903660968056677
Moatize,MZ1012,338548.0,12.732424117135984,8427.920884030538,0.0076978547473561,0.3392650356716064,0.0002645104279579,0.007493920843404,0.0051257294114215,0.0004630432781962,0.0,0.0,0.6396899056200576,8741.289124669836,9030.43115771192,9999.740323680133,10479.71255426596,15217.019043515107,16504.752755268863,14191.591231305572,50818.85233022374,6877.796814679063,1260.1122578997406,11721.223955847378,2688.5859571111555,9695.583740904633,41.2578498072643,2.9193984213894617,1.987881547236355,1.7173569077317714,38,5,46,0,30,203.86874507827807,5470.393944425234,96930,4.1370398238,0.23877521121258
Mocimboa Da Praia,MZ0110,202206.0,12.2170472041582,3471.8076254251646,0.0059180509031127,0.7878383206082736,0.0044611142007642,9.283329812565834e-06,0.0051797531439016,0.0018046448264117,0.0,1.353699177002634e-05,0.1947752959959532,8160.366636692849,8222.36916094827,9032.616781479745,8673.043733209282,18428.9910879828,13257.955677568592,10391.032830010618,45037.17156624766,6835.005384129782,1193.375245896406,9322.985365778306,2563.37334030868,9746.87826602301,14.514854949906756,3.253397765025672,1.6131415330259022,1.1170998632010944,6,3,55,0,23,0.0,3849.5320234288665,32540,1.7813574299022046,0.2661622276029056
Mocuba,MZ1114,484854.0,13.091605156147292,8776.770424311402,0.0045855112678489,0.5373016898521895,0.0005499184888157,0.005903363605803,0.0048800651513463,0.0005636787369719,0.0,0.0,0.4462157728970243,8304.86030005727,8550.42102708335,9344.713046071864,9590.74941713333,14718.43229932824,15379.277571054903,12427.012072420566,47914.77954153276,7065.673071582278,1160.9020665053104,10377.531544842992,2448.530722506795,9715.647236682187,62.917031986604,2.962295628962296,2.0283917848909123,1.977593186205066,8,2,39,1,54,0.0,6989.538718209125,134373,6.9266575299636965,0.5322370570935065
Mocubela,MZ1115,143826.0,11.876366467423097,4759.150421118648,0.0069987086685712,0.6580716379689279,0.008675476043909,0.0009941785177259,0.0012335633876298,0.0009234679100004,0.0,3.872247565918859e-06,0.3230990952556696,8611.468214642568,8883.885966330501,9749.644520043374,10102.380810718483,15770.876681478228,16782.43523003918,13588.101652874057,49928.1480390703,6190.382209065647,1485.9558130334156,10855.891126639077,3251.676596296539,9688.097870139469,82.19590077000595,2.8308312794084696,1.9743026490541424,1.730804631089717,0,0,19,1,7,0.0,724.1725507459291,32848,1.5622628286,0.2523420362166115
Mogincual,MZ0712,117470.0,11.67394677359348,2282.129780070829,0.0116891464287143,0.4953903975542799,0.0078985125970847,3.44176765745119e-05,0.0012561161286825,0.0019234318553665,1.2605474045414985e-05,0.0001009728586504,0.4816943994266015,8175.522413836323,8402.60860958004,9231.04017168114,9327.870534657708,15960.436546245272,15185.76206359846,11950.801218592323,47045.02019623858,6473.609809122672,1314.1916566904526,9757.546059896267,2831.407507419217,9723.25275343464,32.514245998589075,3.691332892259148,1.980502782764076,1.7694952075499342,0,0,3,0,4,0.0,459.02075583646285,26130,1.1025995287,0.2173604629456785
Mogovolas,MZ0713,448506.0,13.013679567940017,4707.298850148215,0.0010054072953506,0.0706785352593145,4.207509450389079e-06,0.0013997675746784,0.0029538799267201,0.0001581981894836,0.0,0.0,0.923800004245002,8461.873836609502,8835.290091461298,9961.551202598112,10504.952636740887,16652.540357394548,17711.66304985111,14622.359777075611,50356.34836821254,5491.417632622888,1659.4515047918674,10512.34193652963,3665.813899853688,9679.05361420164,44.15184130802843,2.976848394324122,1.9040097585773128,1.4131158251118738,2,0,11,0,28,0.0,2121.0220371192017,123312,5.8257255463,0.2575323313526739
Molumbo,MZ1116,366656.0,12.812182085116598,4325.800916456002,0.0044596558711365,0.1593860226638346,0.0058866193593024,0.0739383405741961,0.0043231267469919,1.6821770207617471e-06,0.0,0.0,0.7520045526075176,8925.908792471213,9213.0488655432,9999.83694022409,10803.239298377684,13911.950396840768,16817.638164095566,14944.301872095615,49940.184789529965,7453.63187043875,1009.4344508384386,11281.547414149112,2088.1704981074977,9702.22463111707,72.4162675766782,2.9920029080334425,2.061024068579366,1.940432430697122,1,0,1,0,5,0.0,3322.336500650496,105675,4.0633689479,0.2064246875894305
Moma,MZ0714,391191.0,12.876953767035946,3907.318255038087,0.0100492514455532,0.1077197873028293,0.007500503173976,0.0012958316121848,0.0060251414456591,0.0042012303158097,0.0,0.0,0.8632082547039877,8566.867948070345,8955.726768352943,9990.786943352214,10554.413469298872,15752.412344398606,17272.251980730325,14496.436175983945,50168.34690499384,5858.665148647301,1559.186997270062,10743.756255021868,3438.3707115157367,9670.617857523175,36.6880137924898,2.731148334038822,1.968386351996749,1.7327018459003334,0,0,13,0,9,0.0,1329.0921258580884,82341,3.556298484819462,1.0488479507326398
Monapo,MZ0715,486185.0,13.094346545714906,3513.5163359146777,0.0021198583954992,0.1475058932517374,3.306761635366253e-06,0.0237832105006832,0.0055492224220072,1.5496942240318116e-05,0.0,0.0,0.8210230117261971,8551.609126308067,8936.401494515838,9999.905326520977,10889.982483727812,16183.98838687765,18772.443516805222,15260.599234755851,50527.50287626116,6533.743752311764,1340.2441106149288,11163.760458264444,2873.197302651357,9628.66389639796,60.29933108145817,3.874768661320173,1.9704068363731364,1.5726065838861216,7,3,11,0,13,43.13959507273138,832.6078627513305,104978,5.5016274188,0.211771623449168
Montepuez,MZ0111,272363.0,12.51489468593347,17791.84166992298,0.0013465670581747,0.5288391964809587,4.415834230275237e-06,0.0023262458412373,0.0038094748740734,0.0003247564155218,0.0,0.0,0.4633493434958036,8468.034287390878,8758.42742693939,9597.698379695406,10196.573716904788,15343.596749758748,16195.12480294007,13378.640153801727,48872.19897457313,7120.648422183152,1122.608883295071,10682.221284928211,2362.6239601227894,9641.603801448604,104.45783456041067,2.9522755771925944,1.948317944634176,1.453879471893554,4,3,25,2,35,0.0,2313.9679071182586,108833,6.183792268146342,0.2722622689499162
Mopeia,MZ1117,178818.0,12.094129400058035,7669.124472198791,0.0107078125667342,0.5463497637610727,0.0388831563889728,0.001252472247776,0.002175404806619,0.0002956218490128,0.0,0.0,0.4003357683798124,8173.077453962587,8412.260433613037,9347.852661626404,9178.44435500592,16072.39136430102,14445.050655907213,11445.96194535271,46891.80801555753,6845.226646140153,1231.1320939227774,10043.218275644744,2628.7060425942623,9679.910088987062,86.20338174325913,2.988809310653536,1.932304343755851,1.6129129368297497,0,1,5,1,39,0.0,2957.200903788908,40253,1.6452587775,0.2073190262652146
Morrumbala,MZ1118,422886.0,12.954860282860404,8044.153427783367,0.002717688179281,0.3326435773086168,0.0322913137569426,0.0266095921029705,0.0026992035570844,4.990723349633912e-05,0.0,0.0,0.6029887178616081,8483.902444372765,8744.826513203916,9702.043342748691,9880.856527508664,15845.712695191432,16269.480007334085,13667.679614410365,49850.47148545093,5954.866629999519,1506.1836950471372,10753.833452857436,3335.9132492263248,9687.42355828734,76.2682598966882,2.96969329615711,1.9382129646734256,1.4671600810280336,1,0,5,1,36,0.3853921838435173,5945.780331671473,103946,3.8337498394,0.9219676138099604
Morrumbene,MZ0311,156383.0,11.96006980006988,2579.5205033375696,0.0019932639316429,0.5661523419098139,0.0058167574265679,0.0010937588235684,0.0161058635006593,0.0005004420316402,0.0,7.485929473816367e-05,0.4082627130813689,8072.080972814391,8279.361579299733,9079.717720759909,9218.447527964074,16270.397040917402,14685.250871124475,11596.673036968305,43917.855260744975,7817.527397278136,832.4557807983039,8963.861407469803,1698.4073289772734,9775.682089773274,34.56713392134135,3.2998289136013685,1.9911316718170016,1.7870482791466755,1,0,17,0,14,0.0,689.7914135763352,75662,2.4804628853,0.3545641729581331
Mossuril,MZ0716,216206.0,12.283991561091414,3380.132090235855,0.0166681256430069,0.2788933773106052,0.0090877734911293,0.0007783890992117,0.0033999775100349,0.003638351350527,0.0004066702535755,0.0014088531305169,0.6857184822113922,8642.835653784596,8950.112746715022,9870.1718899265,10361.33719285015,16151.006672747471,17139.293564371717,13810.567209763023,48450.13385921733,6405.6006347940665,1366.134768102765,10499.050703009145,2958.6968883616228,9736.42121544875,49.462988756970965,3.1803831547922687,1.937029665353594,1.6398930653796042,8,1,39,0,23,56.50126579678994,621.8118081379511,60096,3.0074626692,1.6509179370742784
Mossurize,MZ0409,286476.0,12.56541353268227,5018.848954713471,0.0016039020544068,0.4781954002908045,7.621993971080943e-07,0.0196364648933986,0.002843335991976,1.0553530113804382e-05,0.0,0.0,0.497709581039903,8300.94366369199,8507.736426020247,9513.863314049117,9574.719574321009,16716.541279031953,15144.749581501295,12473.898903915357,49584.43079792436,7745.474715488939,946.1973953965412,11102.94594180374,1950.469508163328,9739.502665393216,15.328582070846675,2.192794547224927,1.8502427565163413,1.3299248153316223,1,1,16,0,16,0.0,1465.8965053216095,110921,3.7870819177,0.4354140890041908
Muanza,MZ0912,44486.0,10.70295229064318,7512.34058651211,0.0065293546534769,0.4881712563758562,0.001550822282236,0.000672149146058,0.000601874812149,0.0018807120808977,0.0,1.041785021357384e-06,0.5005927888643045,9255.26946816125,9475.400491738965,10207.210794299182,10316.693842481814,15224.94911430086,16220.799296831248,13574.105513046656,47162.97275144766,7121.457024473831,1172.249840281272,10291.605209767164,2494.579479058232,9741.696986679844,54.748112991081065,2.539661685005748,1.9212502696826248,1.4519331325368656,23,5,5,0,2,88.06590333027144,2001.5424284846088,4946,0.1579482941,0.2284505524117489
Muecate,MZ0717,160566.0,11.98646657992895,4103.320955702791,0.0008379944514667,0.2521472887809857,1.24801556525013e-06,0.0001296736172893,0.0019976409145774,8.736108956750908e-05,0.0,3.3120413077791905e-06,0.7447954810892401,8684.610907458657,9086.12720176521,10074.848497000714,10983.40401815618,15486.737920636786,18523.404666065424,15523.806139105718,51363.52756569398,6519.666471093563,1349.3830218008486,11496.624255235269,2888.125489993548,9691.535225416246,36.41569075735266,3.85061794734014,1.984183597210022,1.5737055569135907,0,0,12,0,7,0.0,531.2685243667304,41209,2.0634833985000003,0.2467674477198287
Mueda,MZ0112,228462.0,12.33912955060328,11217.597673390874,0.0037213606268838,0.589363578412957,0.000526954653923,0.0002323634158847,0.0045903550110584,0.0020549667364651,0.0,0.0,0.3995104211428277,8066.422135543874,8168.835389488231,9045.793762895011,8690.752480394522,18012.776376515307,13865.741158773984,10488.088299927367,45006.53752581505,7267.920914769443,1036.6989036974794,9219.151907537998,2183.5435979232884,9653.432061782018,98.54041044244052,3.000126882084249,1.6680844894389633,1.265401670323969,4,1,46,1,31,0.0,2085.943189238517,58504,2.8324527037555822,0.2540567306973615
Muembe,MZ0816,54607.0,10.907935671146488,5810.675596067674,0.0001530982618845,0.77048312754963,6.504622038922734e-07,0.0049073778624124,0.0007832934328976,5.819924982194025e-07,0.0,0.0,0.2236718704384733,8040.959041462677,8271.098303788267,9076.905908888912,9106.62431194288,14941.357684206989,13792.095789158884,10843.165056065296,44804.00356287717,7830.703378363218,810.0031706069533,9023.294855914595,1637.211917342588,9752.728351476686,8.738074667555166,3.0,2.0053689339060194,1.980802895382264,0,0,8,0,11,0.0,376.6838469216336,16518,0.5824445989,0.1928201811125485
Muidumbe,MZ0113,76243.0,11.241694002848964,2094.530996616615,0.0061106350715949,0.7465072691353022,0.000251948174874,0.0001107772888958,0.0118037505889056,0.0022276271138473,0.0,9.512862936530417e-08,0.2329878974979505,7972.767796829381,7999.4466582307905,8870.51215613828,8295.32644437434,19600.003150782257,13174.60754377143,9872.230305535431,44007.3068345558,7433.429416650215,981.0677667942794,9057.269052125954,2047.8685188793304,9799.98306216266,25.428242604204097,3.4341098169717137,1.343662601540321,1.0965913194193688,0,0,64,0,15,0.0,690.4790520611697,33619,1.7430175401818626,0.2263079073482428
Mulevala,MZ1119,124705.0,11.73371424598776,2700.2602223085382,0.0013539390651885,0.4090806308350645,7.441883448421441e-08,0.0002346053757114,0.0005584389339695,0.0001501027891546,1.116282517263217e-07,0.0,0.5886220969538251,8674.359182917804,9024.804142690244,10049.401384665933,10570.721147540908,15883.568816214663,17604.94086078312,14771.526065076843,51155.28940406041,5883.008581401632,1570.9855663124065,11058.76190878524,3460.0163172059542,9655.55140733073,80.68716090772129,2.4177215189873418,1.9309875489059087,1.1478759462633294,0,0,13,1,4,0.0,601.1906210231745,45840,2.518730814,0.2948412095426227
Murrupula,MZ0718,219646.0,12.299776991218232,3090.973366185621,0.0005726316917933,0.2003958789316946,4.63617961525171e-06,0.0170013152142966,0.003986923941187,0.0002998592062111,0.0,0.0,0.7777387548352019,8585.087152409267,8966.370440309089,10184.501735670176,10688.07304296185,17102.425740840095,17613.245416256377,14748.544571305963,51756.30337255611,5287.631769025844,1733.8445660886207,11025.789979810534,3851.8498476915775,9746.018434243006,69.37017640156583,3.0,1.7968784252315817,1.123525743507274,1,0,13,1,5,0.0,585.9840921316649,59279,2.8856767614,0.2639248100253299
Mutarara,MZ1013,208219.0,12.246350492028744,2733.4636751851485,0.0349008670511975,0.1994293196566542,0.1005822090912014,0.025293772491221,0.0071476039358002,0.0010765902182749,0.0,0.0,0.6315696375556505,8628.800649564913,8930.441897535024,10047.48431231618,10140.64472108883,16867.798448460973,16169.581526411088,13270.568639784888,50198.89950171209,5340.187816126227,1702.5676234514133,10585.34971143074,3844.755120910173,9649.697444939758,51.34074595980498,3.0020390849420275,1.79349983752483,1.3500056240638894,8,5,6,0,1,111.68169317884612,745.8714995420489,44011,1.6284771051,0.9697796040343668
Nacala,MZ0719,384761.0,12.860380240298577,319.0627545804552,0.014433577293018,0.0615961627505151,0.0065633583227673,0.0009328536977541,0.1706262978195704,0.004695796347343,1.2363866106748384e-06,6.521939371309773e-05,0.741085497988708,10053.6602155505,10525.58664530492,11866.912782154424,13035.517316283253,18070.96572619288,21337.640783569805,17475.128509575927,50474.13362121644,6327.367720118566,1422.9956012342352,10732.851094757536,3119.206620540984,9677.967497436526,56.59489830275019,2.3114323258869907,1.488311585528724,1.497248054659328,21,6,11,3,438,24.582511669245434,563.2702918040513,105525,7.2734119851,4.023471400394477
Nacala-A-Velha,MZ0720,151870.0,11.930786755281554,1132.90316908238,0.0067813356673698,0.0966949701663697,0.0016306115689706,7.07485967324765e-05,0.0063573662168401,0.0016132072401311,0.0,0.0,0.8868517605435859,8888.132780093683,9349.236682211676,10451.658780753514,11511.237339466566,16408.36076162525,20018.78513950987,16229.070253245034,50762.98185890347,6469.169354680512,1381.3445044202651,11173.447342609788,2990.21574457929,9683.995569477856,1.9637037378015096,2.877134724857685,1.924864019370126,1.658268689503673,15,0,21,0,10,56.554366079926304,380.9493186508463,42160,2.4737699777,1.7528301886792454
Nacaroa,MZ0721,178667.0,12.09328461404355,2712.32282423382,0.0006366595439357,0.0953992046283784,1.0911046168564317e-07,3.23694369667408e-06,0.0024993569756791,1.2365852324372892e-05,0.0,0.0,0.901449066945524,8740.500766098272,9192.941926420182,10263.560569308793,11340.47091861952,15589.518326456717,19198.57590631682,16210.47398328122,51530.025528536855,6698.290849490164,1298.514972835183,11626.0556160044,2765.165157628141,9660.61166821906,54.04457550734995,3.5,1.9751033777681792,1.3650525652281578,0,0,1,0,6,0.0,261.1302345097606,40943,1.9476943858,0.2425712321442212
Namaacha,MZ0508,57786.0,10.964519115868828,2150.272423068573,0.0162342166830718,0.3430551214910141,0.0002683036092426,0.0479753231874195,0.0181480305720986,0.0001393773129149,0.0,0.0,0.5741796271442383,8379.811261881661,8734.16802737418,9611.049822126854,9942.784470014692,14699.7558478478,14904.843966323211,12571.764027304813,47528.02244232871,7628.651255773153,944.912390453302,10476.770448142855,2010.091975722714,9758.805708533651,23.430964697547545,3.0305747196304287,1.990099028157704,1.4844630800844374,6,1,1,0,14,18.89710605221973,1196.1554422642398,24661,1.3674519097,0.3188143637503359
Namacurra,MZ1120,276064.0,12.528391624218186,2021.0926947993512,0.0202218569279476,0.2433171918101551,0.0367007003561619,0.002735404630995,0.0199247421263093,0.0006599034475801,0.0,0.0,0.6764402007008506,8345.415714863131,8563.10650058905,9507.01600607063,9545.55841213919,15924.543610455892,15234.756653432052,12074.42427700133,46584.86425311284,7108.290871712684,1125.784714882757,9875.183695401078,2373.6577222267824,9708.273494722467,41.93419556460359,3.1868044181260764,1.981279334748021,1.662149568889671,6,1,12,2,84,0.0,902.8221763367004,63453,3.0114086949,0.9860224855666972
Namarroi,MZ1121,169370.0,12.039846854101071,3062.551068325592,0.0036245767879166,0.2676191798165842,7.222106898193954e-05,0.0148509121121751,0.0013273801019975,5.860113488503342e-06,0.0,0.0,0.712499869998856,9018.189513041512,9303.743073640624,10083.35854436432,10875.547272149455,14345.57573049461,17074.16778465277,15110.169311085943,51118.28669875811,7299.314136480603,1084.665407935577,11713.185543113334,2261.8624364419893,9716.130053107245,55.42194915454334,2.9457013574660635,2.009192080242733,1.7917952454957131,0,0,5,0,6,0.0,741.0124639301926,94841,4.1150262442,0.300725075528701
Namuno,MZ0114,216891.0,12.287154812778372,5976.124346165694,0.0026668984241336,0.218145537567715,5.233073014835903e-05,0.0115670932655214,0.0054705549309122,0.0004774289851062,0.0,0.0,0.761620156096463,8698.609444190031,9082.243802558743,10023.329500267995,10949.868361286237,14487.32503216506,17313.974061359804,15290.882485105369,51984.01945948246,6619.464610586905,1322.3911121997664,11745.271392578505,2832.580010091539,9695.470111217248,57.61835018601482,2.9819458375125376,2.012736824706673,1.6581042198037597,1,0,22,0,7,0.0,1718.457559911229,121638,4.989437678688879,0.1975277777777778
Nangade,MZ0115,77008.0,11.251677577122404,2964.936264598803,0.0115800447553417,0.7622395116349913,0.0014864337159377,0.0002000502146245,0.0045695981937553,0.0050564544063164,0.0,2.8289929340849696e-06,0.2148650780860987,8013.186188432615,8061.267960296345,8887.408807157512,8446.641025538143,18731.79176220138,13292.186177900076,10014.972367135171,44795.886128894505,7014.07488460667,1114.8891429513824,9211.782728696346,2374.782036185985,9816.290640403256,34.11336140440418,3.256930784932269,1.5587751803719545,1.1522964663483564,8,1,29,0,7,0.0,3040.529153591276,31872,1.5237164253799031,0.2442725337118524
Ngauma,MZ0817,121373.0,11.706631966630749,3008.4473427105545,0.0015918437035948,0.4041849162802457,2.27124101629543e-06,0.0060723768145528,0.0033222660257202,2.995404818592524e-06,0.0,2.30415755276348e-07,0.5848231001142961,8423.864482633788,8726.701149432061,9582.081300755515,10154.453009841583,14595.295565522263,15904.33805818915,12958.436177419966,46822.48462606131,7697.650313784667,884.749428054505,9969.648891868535,1805.9945632729164,9658.597653135375,0.5033254916721558,3.0,2.010429417361159,1.977813339770361,6,1,3,0,8,62.55223821418303,643.7031492987838,46940,1.4746073587,0.8497097844112771
Nhamatanda,MZ0913,346566.0,12.755831441113395,4014.218210810935,0.0064439776444222,0.1692335414825428,0.0170499791535606,0.0142797863015895,0.0070602108006913,0.0003467019435894,0.0,0.0,0.7855858026736039,8770.973134713211,8963.699743333984,9840.229803541351,9764.950663534168,15666.336711634596,15910.00278916697,13481.26920531936,50072.827937743285,7066.149059837036,1193.004173134825,10909.145829603736,2532.886539037924,9467.688990544504,44.159693951114434,3.424386073981971,1.871444941174623,1.3320252285886591,195,8,69,0,45,77.44672233186435,17735.17981742166,80903,2.8739835584,0.6834765032844872
Nicoadala,MZ1122,245274.0,12.410135309031592,2765.4081339833974,0.0098596403573295,0.4082565886106986,0.0220303688488566,0.0115556575252476,0.0170438051388098,6.653811546130395e-05,0.0,0.0,0.5311874014035964,8192.571814854293,8432.372230355812,9325.443549008784,9319.222057165123,15647.392438809156,14804.645017803725,11627.783211578875,46279.137971528966,7237.053048077524,1085.145143971341,9806.511872964384,2269.025359349005,9728.79282172819,60.66036545466975,3.29704,2.001434349434314,1.7752748796765292,1,0,8,0,18,0.0,1899.9900865604127,57956,2.6028835793,0.9595218710680188
Nipepe,MZ0818,54883.0,10.912977146041063,4998.079631179588,0.0027253834248934,0.696150715919477,5.655848181615156e-05,0.0015281069856367,0.0010827558921888,0.0003704471830663,0.0,0.0,0.2980860321129215,8617.376476584324,8922.303123661626,9736.800348653302,10440.339925306656,14377.61168878121,16419.659372969953,13906.671329562356,50435.062558452206,6569.750050938212,1321.2699806114736,11126.884562358337,2841.48310427544,9677.393527108636,69.60171064590072,2.9532085561497325,2.031610795546192,1.8089546551233224,0,0,0,0,7,0.0,293.33015781392965,19057,0.7136630577343617,0.7280825615681714
Palma,MZ0116,134442.0,11.808895596377337,3521.520063947581,0.0164378847664942,0.7069111284780265,0.0087623233525623,0.0019709130194369,0.0069790865901623,0.0047173179614837,5.593377100799327e-06,0.0002101349437716,0.2540056175109614,8193.992451397811,8294.919419746504,9134.188567781548,8811.216296627514,18094.453149256904,13347.743671029772,10405.969506540758,44866.547376040646,6468.164883082076,1303.668735183974,9287.287263131582,2841.8956453914025,9810.133263097096,32.88868845851422,3.0848547673951217,1.6582436345454346,1.236591350568997,23,10,62,3,71,0.0,3672.1632948258302,17108,0.8529942901959552,0.3013300727663128
Panda,MZ0312,48095.0,10.780954292552702,6841.185322209112,0.0043955241724734,0.6700319223204092,0.0138675196823712,0.0003279704162935,0.0027773899977301,5.7089928604562014e-05,4.317845839864194e-06,7.150181140781734e-05,0.3084667638248702,8601.803741084794,8974.523415808166,10036.93923930909,10310.59902908632,16852.388014146927,16454.803274118753,13184.304194843122,47069.4584317728,7028.680636781939,1124.612046490222,9891.986916724054,2388.8247422970853,9724.299395275448,54.26688250761137,3.5342366405462298,1.874782616513128,1.5395153929778231,1,0,2,0,0,0.0,340.243177847935,16650,0.4810284767,0.3608409422675101
Pebane,MZ1123,239976.0,12.388298364398487,10094.59665080829,0.0106036715982839,0.5880759101223096,0.0099856420096927,0.0001320575195162,0.0018966049905645,0.0025861603560644,9.365288478891632e-06,4.24963620373036e-05,0.3866680917530521,8534.454670442849,8875.915114723452,9887.820648200362,10135.906237911748,16373.9021922442,16538.016616334928,13555.652603654558,51017.63496179266,5253.968262579181,1781.1587506560172,10702.983282016434,3990.431818073056,9674.574419794024,68.45389500122207,2.7549315659437625,1.938025228998524,1.282434853803678,0,2,89,1,45,0.0,1208.1787644176472,66861,3.2810946285,0.2462940288151504
Quissanga,MZ0118,65708.0,11.092991181392303,2117.296491925621,0.0202889999626833,0.4788314298314108,0.0078270177812731,0.0001467319403186,0.0025684661043819,0.0052191227485905,0.0,0.0,0.4851182316313414,8152.987803384291,8306.31088660631,9444.599327509171,8826.308824437587,20199.38748163957,14119.803635388378,10656.82571262362,46984.99587726395,5700.444162862144,1584.6228564730864,9595.579645992217,3555.151907083035,9665.52122384664,36.76721741719575,2.6688372093023256,1.2548980616857492,1.0793753322892534,1,0,34,0,15,0.0,854.7005062504398,12343,0.7262802686254152,1.442253104671792
Rapale,MZ0722,203596.0,12.22389782877588,3658.831261476111,0.0004657760685862,0.0903259887225839,2.148785276910064e-07,0.0035000220384789,0.0121879369504498,4.864312670605157e-05,0.0,3.679794786708485e-06,0.8934677384198806,8733.679925347653,9171.532901186796,10341.532021393326,11243.68324902733,16249.609590430608,18863.94039360983,16045.848343113608,51773.51122689056,5895.720139601414,1551.79828530953,11325.04045195098,3396.80522934518,9671.304591416754,74.84772751154273,2.8592132505175982,1.9203721051131684,1.3032479991602013,17,4,16,0,69,85.720176814118,796.1456902322309,109164,5.9897952581,0.2862084532475594
Ribaue,MZ0723,304892.0,12.6277161743658,6244.576266807825,0.0001788025110909,0.1711233897340049,4.252327842381137e-07,0.0016211291177771,0.0046270839201939,0.0001098675519572,0.0,1.7954273112275913e-06,0.8223375065048804,8769.177143088453,9172.72017233021,10326.094604794836,11093.290974614436,16122.983625155335,18034.243232016903,15545.607581284012,51320.26343031126,6076.696347182904,1474.6060989608509,11185.25698784782,3219.968061520404,9679.938917774323,76.53349209166696,2.943396226415094,1.8833834460612489,1.1769247641624152,40,9,6,0,18,126.73070838992793,1722.134334460193,102922,4.7808421842,0.262694214876033
Sanga,MZ0819,94858.0,11.460146857524858,12510.376727370973,0.0018195147745503,0.6653789938786667,0.0001653068683012,0.0108715595508034,0.0013234985704939,3.41129643405202e-05,0.0,6.373276850167249e-08,0.3204069496600753,8422.925315315248,8749.266826685536,9577.135937029778,10162.930673924582,14752.370587308336,15806.28486925684,12632.48592259093,47251.7583148525,7232.1410306422,1045.844166817297,10049.644214409303,2184.350003582661,9711.166367714264,30.49073891130673,2.146601244614648,2.0346593102115884,1.955136537165054,0,1,8,0,15,0.0,974.0005754791192,45959,1.6192165484,0.1347038339844095
Sussundenga,MZ0410,221501.0,12.308186897771936,7107.176021715146,0.0130348327855449,0.6047891342823065,0.000239117911713,0.0164076093132701,0.0033398813395225,0.0007443802330802,0.0,0.0,0.3614450441345624,8348.186357199887,8555.434372720902,9516.960783540511,9437.418537520378,17079.073155630816,15110.4802350187,12230.131792688646,47987.62762228033,7535.871995124252,1014.1182299620036,10678.272353438044,2110.1704810937854,9745.664166787346,26.02730164009232,3.610955905177343,1.829013191174888,1.390445170858432,11,1,22,19,29,0.0,4793.538017692723,42781,1.5124092433235947,0.2631801899130039
Tambara,MZ0411,65790.0,11.094238329842929,4282.615866005498,0.0090035570402041,0.5471023156717837,0.0003246726747287,0.0017083259773523,0.0011579984269874,0.0005366699229038,0.0,0.0,0.4401664602860398,8577.207812592036,8858.273661536008,9856.29760213084,10166.528292124842,15679.53666242425,16061.55935915962,13387.13287771553,50728.596499189895,6931.379653536583,1245.0986568181286,11392.664335267556,2664.931882911392,9645.971634370162,0.140072369297226,2.996311844077961,1.9658094099031067,1.6564976805142393,1,0,11,0,4,0.0,352.34808947081507,11362,0.3289603987,0.9088707366007454
Tsangano,MZ1014,278932.0,12.53872688859529,3661.062856861458,0.0020214336531935,0.2594958045032533,0.0,0.0567024950602903,0.0105781897552154,0.0001126659338233,0.0,0.0,0.6710894110942239,8534.794321469133,8833.340686137955,9848.909661744174,10305.615490109136,15670.178608834112,16771.041945304787,14467.63383283526,48254.97148867373,7945.832704651854,800.6771131901511,10700.551647300945,1628.266011805164,9638.359062764755,3.1753276398255497,2.030075187969925,1.9749034876322409,1.6719706698439791,1,0,18,3,6,0.0,7795.55024832917,116955,3.6415233179,2.6871751507976773
Vanduzi,MZ0412,150490.0,11.921658560718484,3157.4111322044387,0.0015844203384775,0.2515879667284596,1.5629223107097086e-05,0.0117009214462693,0.0131373349249615,4.422003083915621e-05,0.0,0.0,0.7219295073078857,8784.737404189445,9054.505010992572,10013.27708443768,10474.088995901391,15552.270841238496,17386.87201512998,15174.377736517195,49684.48109010011,7526.5927762397105,1011.3245647827856,11370.292570104824,2096.0270786931123,9724.696106047011,11.608342325330456,2.416378316032296,1.9761611188996369,1.421897613466463,15,8,13,0,11,42.30141659952611,626.2409180435216,57617,2.4884333333,0.2179381972047698
Vilankulo,MZ0313,177088.0,12.084407710040663,5856.206636008533,0.0164601182045421,0.661236157573224,0.023298109087243,0.0012056885832327,0.0088468642601789,0.0027856278076462,1.9669493517004533e-05,0.00080465959199,0.2853431053984259,8391.010750134647,8621.155929978526,9490.673231171604,9648.699358690868,15924.293167199274,15456.581620324456,12296.154918219803,45020.60091563111,7602.548342090348,923.393418916026,9476.006411184717,1902.3113035286688,9723.380344241918,59.27213477739132,3.328330286151622,1.960213613385491,1.75805837759255,13,13,26,1,171,0.0,1898.2765908901072,64635,2.4125093781,0.3441755691320523
Zavala,MZ0314,170016.0,12.043653711032732,2010.9330045675445,0.1043663110981039,0.4379498674550535,0.005093684734695,0.019783883362225,0.0243857316971447,0.0022047446927573,0.0,3.457028615751912e-07,0.4062154312571588,8147.138237498108,8449.888084455966,9413.349887769096,9689.86980007239,15965.443546539696,14742.140774179688,12252.518775542076,43543.071374391286,7976.335400014187,752.7771279670148,8740.828458493379,1522.9065044830786,9766.159086940555,45.19261892565613,3.883446300966793,1.9622397685447304,1.75630894533304,4,1,13,1,17,0.0,353.791886817148,54859,2.0153987551,3.1725974152171803
Zumbu,MZ1015,97828.0,11.490976335585882,12000.72929861367,0.0347001710966514,0.5858449246824385,0.0053710047825519,0.0327896498716314,0.0003561662303029,0.0011078277691238,0.0,0.0,0.3398302555672998,8805.700858700067,9080.59165932652,10023.926165507131,10421.647244170106,15745.87133431512,16576.562468613098,13844.74106236388,49482.03338246121,6889.536026315189,1204.257272982473,10856.059810211507,2538.834145166035,9778.360701321864,6.750076884233396,2.937118069151206,1.9546897236981449,1.539164703809791,1,0,9,0,2,0.0,794.7492371108693,19488,0.4820901919,1.6644334245914905
,,,,,,,,,,,,,,,,,,,,,,,,,,,,,,,,,,,,,,,,