Year,ISO3,ADM0_PT,ADM0_EN,ADM0_PCODE,ADM1_PT,ADM1_PCODE,ADM2_PT,ADM2_PCODE,F_TL,M_TL,T_TL,F_00_04,F_05_09,F_10_14,F_15_19,F_20_24,F_25_29,F_30_34,F_35_39,F_40_44,F_45_49,F_50_54,F_55_59,F_60_64,F_65_69,F_70_74,F_75_79,F_80Plus,M_00_04,M_05_09,M_10_14,M_15_19,M_20_24,M_25_29,M_30_34,M_35_39,M_40_44,M_45_49,M_50_54,M_55_59,M_60_64,M_65_69,M_70_74,M_75_79,M_80Plus,T_00_04,T_05_09,T_10_14,T_15_19,T_20_24,T_25_29,T_30_34,T_35_39,T_40_44,T_45_49,T_50_54,T_55_59,T_60_64,T_65_69,T_70_74,T_75_79,T_80Plus
2024,MOZ,MoÃ§ambique,Mozambique,MZ,Cabo Delgado,MZ01,Ancuabe,MZ0101,101233,98159,199392,19257,14543,13065,10834,8322,7040,5989,4927,4272,3663,3047,2108,1315,1065,836,600,350,20054,15089,13773,10992,8168,6453,5124,4276,3562,3020,2659,1865,1102,812,590,417,203,39311,29632,26838,21826,16490,13493,11113,9203,7834,6683,5706,3973,2417,1877,1426,1017,553
2024,MOZ,MoÃ§ambique,Mozambique,MZ,Cabo Delgado,MZ01,Balama,MZ0102,96251,91913,188164,18713,14347,11821,9663,8112,7017,5948,4873,4168,3519,2831,1906,1165,901,648,385,234,19487,14886,12308,9537,7417,5930,4682,4010,3616,3064,2443,1672,1045,770,542,343,161,38200,29233,24129,19200,15529,12947,10630,8883,7784,6583,5274,3578,2210,1671,1190,728,395
2024,MOZ,MoÃ§ambique,Mozambique,MZ,Cabo Delgado,MZ01,Chiure,MZ0103,157664,147658,305322,30459,23738,18504,15377,12938,11343,9851,8236,7240,6154,4889,3254,1930,1492,1106,739,414,31718,24629,19382,14981,11401,9184,7552,6534,5835,4959,4011,2764,1736,1274,880,530,288,62177,48367,37886,30358,24339,20527,17403,14770,13075,11113,8900,6018,3666,2766,1986,1269,702
2024,MOZ,MoÃ§ambique,Mozambique,MZ,Cabo Delgado,MZ01,Cidade De Pemba,MZ0104,148043,150038,298081,30533,21476,19715,18045,14251,11807,8991,6556,4519,3502,2959,1997,1223,959,715,464,331,31796,22282,19809,17755,14107,11320,8536,6659,4664,3733,3515,2440,1339,918,597,360,208,62329,43758,39524,35800,28358,23127,17527,13215,9183,7235,6474,4437,2562,1877,1312,824,539
2024,MOZ,MoÃ§ambique,Mozambique,MZ,Cabo Delgado,MZ01,Ibo,MZ0105,14961,15160,30121,2912,2129,1914,1687,1293,1090,915,703,494,420,439,325,198,161,125,86,70,3032,2209,2062,1753,1221,1000,907,753,540,441,405,295,194,146,100,56,46,5944,4338,3976,3440,2514,2090,1822,1456,1034,861,844,620,392,307,225,142,116
2024,MOZ,MoÃ§ambique,Mozambique,MZ,Cabo Delgado,MZ01,Macomia,MZ0106,69127,66101,135228,12682,9687,8400,7002,5377,4616,4108,3379,2760,2409,2108,1742,1603,1413,1055,454,332,13206,10051,9047,7212,5078,4016,3349,2867,2459,2113,1764,1402,1237,1013,714,326,247,25888,19738,17447,14214,10455,8632,7457,6246,5219,4522,3872,3144,2840,2426,1769,780,579
2024,MOZ,MoÃ§ambique,Mozambique,MZ,Cabo Delgado,MZ01,Mecufi,MZ0107,35281,32810,68091,6661,5089,4396,3574,2869,2461,2124,1742,1456,1264,1143,806,469,395,349,323,160,6937,5280,4779,3601,2408,1861,1589,1365,1168,1008,891,648,421,329,251,179,95,13598,10369,9175,7175,5277,4322,3713,3107,2624,2272,2034,1454,890,724,600,502,255
2024,MOZ,MoÃ§ambique,Mozambique,MZ,Cabo Delgado,MZ01,Meluco,MZ0108,21430,20890,42320,4042,3024,2800,2332,1738,1468,1292,1040,819,694,600,457,361,310,237,128,88,4209,3138,2988,2381,1699,1331,1064,909,816,682,507,360,277,221,162,95,51,8251,6162,5788,4713,3437,2799,2356,1949,1635,1376,1107,817,638,531,399,223,139
2024,MOZ,MoÃ§ambique,Mozambique,MZ,Cabo Delgado,MZ01,Metuge,MZ0109,80133,78062,158195,15093,11352,10110,8413,6642,5597,4566,3741,3299,2912,2617,1892,1211,1004,805,583,296,15717,11778,10904,8680,6244,4914,3965,3367,2892,2509,2255,1661,1114,859,623,387,193,30810,23130,21014,17093,12886,10511,8531,7108,6191,5421,4872,3553,2325,1863,1428,970,489
2024,MOZ,MoÃ§ambique,Mozambique,MZ,Cabo Delgado,MZ01,Mocimboa Da Praia,MZ0110,149350,145311,294661,28346,21215,17840,15471,12446,10659,8952,7100,5546,4685,3948,3225,2980,2712,2182,1252,791,29519,22011,18768,15500,11239,9120,7784,6650,5523,4670,3849,2991,2528,2114,1600,945,500,57865,43226,36608,30971,23685,19779,16736,13750,11069,9355,7797,6216,5508,4826,3782,2197,1291
2024,MOZ,MoÃ§ambique,Mozambique,MZ,Cabo Delgado,MZ01,Montepuez,MZ0111,162641,158602,321243,31673,23874,20261,17403,13784,11772,9895,8030,6785,5698,4559,3100,1974,1561,1150,694,428,32983,24770,20231,16764,13387,10901,8597,7296,6386,5345,4222,2867,1790,1309,907,558,289,64656,48644,40492,34167,27171,22673,18492,15326,13171,11043,8781,5967,3764,2870,2057,1252,717
2024,MOZ,MoÃ§ambique,Mozambique,MZ,Cabo Delgado,MZ01,Mueda,MZ0112,113958,108273,222231,20827,15447,14383,12268,8990,7559,6598,5282,4138,3479,2721,2448,2729,2636,2240,1392,821,21688,16026,15038,12382,8692,6868,5687,4751,3874,3168,2318,1877,1932,1675,1264,668,365,42515,31473,29421,24650,17682,14427,12285,10033,8012,6647,5039,4325,4661,4311,3504,2060,1186
2024,MOZ,MoÃ§ambique,Mozambique,MZ,Cabo Delgado,MZ01,Muidumbe,MZ0113,51901,49350,101251,9288,6773,6590,5542,4084,3402,2923,2277,1670,1377,1037,1070,1377,1462,1416,1158,455,9672,7027,6959,5739,4252,3331,2570,2078,1652,1320,900,773,907,839,690,439,202,18960,13800,13549,11281,8336,6733,5493,4355,3322,2697,1937,1843,2284,2301,2106,1597,657
2024,MOZ,MoÃ§ambique,Mozambique,MZ,Cabo Delgado,MZ01,Namuno,MZ0114,128541,122255,250796,24916,19706,15199,12211,10297,9178,8495,7119,5974,4954,3773,2433,1401,1078,821,611,375,25946,20445,16003,12173,9528,7717,6280,5522,5206,4403,3308,2161,1246,900,658,497,262,50862,40151,31202,24384,19825,16895,14775,12641,11180,9357,7081,4594,2647,1978,1479,1108,637
2024,MOZ,MoÃ§ambique,Mozambique,MZ,Cabo Delgado,MZ01,Nangade,MZ0115,47049,44209,91258,8612,6501,5654,4781,3714,3173,2752,2224,1771,1534,1356,1125,1001,957,859,663,372,8968,6745,5941,4815,3448,2725,2212,1887,1653,1399,1083,852,778,670,523,322,188,17580,13246,11595,9596,7162,5898,4964,4111,3424,2933,2439,1977,1779,1627,1382,985,560
2024,MOZ,MoÃ§ambique,Mozambique,MZ,Cabo Delgado,MZ01,Palma,MZ0116,69434,69535,138969,13519,10517,7548,6563,5741,5134,4571,3695,2845,2364,1973,1457,1113,952,737,430,275,14079,10912,8236,6799,5142,4376,4009,3542,3030,2567,2077,1513,1115,883,646,386,223,27598,21429,15784,13362,10883,9510,8580,7237,5875,4931,4050,2970,2228,1835,1383,816,498
2024,MOZ,MoÃ§ambique,Mozambique,MZ,Cabo Delgado,MZ01,Quissanga,MZ0118,31867,30852,62719,6036,4625,3826,3207,2580,2236,1962,1601,1291,1117,1013,755,534,443,332,184,125,6285,4799,4194,3312,2322,1862,1624,1397,1160,999,896,667,465,362,260,153,95,12321,9424,8020,6519,4902,4098,3586,2998,2451,2116,1909,1422,999,805,592,337,220
2024,MOZ,MoÃ§ambique,Mozambique,MZ,Gaza,MZ02,Bilene,MZ0201,91435,77199,168634,13045,12418,10671,9951,9179,7234,5674,4963,4174,3270,2563,2203,1974,1599,1191,755,571,12691,12203,10292,9618,8573,5971,4131,3558,2818,2026,1504,1161,894,726,543,337,153,25736,24621,20963,19569,17752,13205,9805,8521,6992,5296,4067,3364,2868,2325,1734,1092,724
2024,MOZ,MoÃ§ambique,Mozambique,MZ,Gaza,MZ02,Chibuto,MZ0202,135730,116088,251818,18461,17687,16616,15109,12808,9885,8015,7148,6184,5052,4263,3772,3355,2762,2119,1428,1066,17960,17380,16564,15320,12923,8599,5673,4952,4421,3295,2323,1839,1550,1308,1012,643,326,36421,35067,33180,30429,25731,18484,13688,12100,10605,8347,6586,5611,4905,4070,3131,2071,1392
2024,MOZ,MoÃ§ambique,Mozambique,MZ,Gaza,MZ02,Chicualacuala,MZ0203,15970,14437,30407,2251,2030,2117,1926,1734,1283,873,745,679,549,449,379,303,242,188,139,83,2190,1995,2022,1896,1841,1248,720,589,477,357,296,240,188,154,116,72,36,4441,4025,4139,3822,3575,2531,1593,1334,1156,906,745,619,491,396,304,211,119
2024,MOZ,MoÃ§ambique,Mozambique,MZ,Gaza,MZ02,Chigubo,MZ0204,12265,11193,23458,1595,1533,1612,1387,1125,837,657,606,592,509,443,383,299,244,198,157,88,1552,1506,1667,1501,1357,880,495,419,400,317,251,215,190,167,136,94,46,3147,3039,3279,2888,2482,1717,1152,1025,992,826,694,598,489,411,334,251,134
2024,MOZ,MoÃ§ambique,Mozambique,MZ,Gaza,MZ02,Chokwe,MZ0205,139245,117240,256485,19745,18658,16835,15575,14064,10930,8461,7385,6215,4996,4273,3606,2792,2173,1620,1127,790,19209,18335,16124,14886,12533,8512,5972,5198,4220,3172,2582,2058,1566,1245,887,477,264,38954,36993,32959,30461,26597,19442,14433,12583,10435,8168,6855,5664,4358,3418,2507,1604,1054
2024,MOZ,MoÃ§ambique,Mozambique,MZ,Gaza,MZ02,Chongoene,MZ0206,75640,63756,139396,10289,9810,9125,8372,7277,5591,4330,3878,3549,2903,2327,2057,1901,1572,1196,778,685,10010,9640,9017,8367,6958,4629,3111,2712,2349,1768,1329,1072,891,747,572,355,229,20299,19450,18142,16739,14235,10220,7441,6590,5898,4671,3656,3129,2792,2319,1768,1133,914
2024,MOZ,MoÃ§ambique,Mozambique,MZ,Gaza,MZ02,Cidade De Xai-Xai,MZ0207,96155,87016,183171,14578,13465,10214,10263,10975,8720,5972,5020,4181,3311,2854,2308,1555,1105,751,493,390,14182,13232,9758,10013,11472,8395,4799,3944,3133,2304,1916,1450,941,684,441,208,144,28760,26697,19972,20276,22447,17115,10771,8964,7314,5615,4770,3758,2496,1789,1192,701,534
2024,MOZ,MoÃ§ambique,Mozambique,MZ,Gaza,MZ02,Guija,MZ0208,55322,45525,100847,7577,7251,7276,6448,5213,3967,3305,2963,2612,2055,1541,1304,1143,957,772,583,355,7371,7125,6904,6104,4539,2883,2096,1900,1791,1355,933,721,578,483,376,251,115,14948,14376,14180,12552,9752,6850,5401,4863,4403,3410,2474,2025,1721,1440,1148,834,470
2024,MOZ,MoÃ§ambique,Mozambique,MZ,Gaza,MZ02,Limpopo,MZ0209,96035,81428,177463,13535,12938,11317,10433,9500,7454,5859,5169,4438,3553,2914,2479,2039,1641,1264,902,600,13168,12714,11129,10335,9014,6146,4128,3595,3086,2275,1636,1272,1025,823,585,303,194,26703,25652,22446,20768,18514,13600,9987,8764,7524,5828,4550,3751,3064,2464,1849,1205,794
2024,MOZ,MoÃ§ambique,Mozambique,MZ,Gaza,MZ02,Mabalane,MZ0210,22165,20087,42252,3109,2906,2933,2584,2262,1706,1284,1130,1030,811,602,496,410,329,254,182,137,3025,2855,2878,2612,2337,1593,1057,910,758,559,424,329,246,200,152,100,52,6134,5761,5811,5196,4599,3299,2341,2040,1788,1370,1026,825,656,529,406,282,189
2024,MOZ,MoÃ§ambique,Mozambique,MZ,Gaza,MZ02,Mandlakaze,MZ0211,84582,72398,156980,10888,10446,10490,9475,7668,5740,4467,4117,4056,3465,2894,2623,2434,2072,1658,1187,902,10592,10265,10912,9996,7530,4798,3340,3008,2846,2216,1641,1351,1160,1011,822,575,335,21480,20711,21402,19471,15198,10538,7807,7125,6902,5681,4535,3974,3594,3083,2480,1762,1237
2024,MOZ,MoÃ§ambique,Mozambique,MZ,Gaza,MZ02,Mapai,MZ0212,16571,14990,31561,2302,2107,2113,1895,1752,1312,906,781,714,589,497,430,350,292,241,193,97,2240,2070,2066,1929,1891,1291,753,621,506,384,326,267,207,173,135,91,40,4542,4177,4179,3824,3643,2603,1659,1402,1220,973,823,697,557,465,376,284,137
2024,MOZ,MoÃ§ambique,Mozambique,MZ,Gaza,MZ02,Massangena,MZ0213,12975,12013,24988,1788,1700,1594,1460,1287,979,720,656,673,533,348,288,269,235,199,160,86,1739,1671,1550,1484,1491,1064,665,578,526,381,245,176,125,107,96,87,28,3527,3371,3144,2944,2778,2043,1385,1234,1199,914,593,464,394,342,295,247,114
2024,MOZ,MoÃ§ambique,Mozambique,MZ,Gaza,MZ02,Massingir,MZ0214,20884,19274,40158,3023,2695,2732,2454,2367,1773,1182,978,835,650,507,441,410,335,249,153,100,2941,2649,2609,2406,2418,1721,1115,927,675,477,386,301,222,177,131,80,39,5964,5344,5341,4860,4785,3494,2297,1905,1510,1127,893,742,632,512,380,233,139
2024,MOZ,MoÃ§ambique,Mozambique,MZ,Inhambane,MZ03,Cidade De Inhambane,MZ0301,53204,49041,102245,8591,7572,5545,5519,5950,4734,3399,2836,2143,1720,1532,1215,840,626,451,310,221,8713,7709,5336,5291,5843,4414,2719,2315,1680,1315,1245,944,584,406,266,163,98,17304,15281,10881,10810,11793,9148,6118,5151,3823,3035,2777,2159,1424,1032,717,473,319
2024,MOZ,MoÃ§ambique,Mozambique,MZ,Inhambane,MZ03,Funhalouro,MZ0302,25901,22710,48611,3563,3377,3184,2813,2143,1650,1530,1442,1309,1120,917,770,661,543,416,279,184,3613,3438,3233,2876,2267,1499,1017,936,854,712,595,478,376,308,242,173,93,7176,6815,6417,5689,4410,3149,2547,2378,2163,1832,1512,1248,1037,851,658,452,277
2024,MOZ,MoÃ§ambique,Mozambique,MZ,Inhambane,MZ03,Govuro,MZ0303,21603,19204,40807,3262,2847,2508,2331,2320,1756,1179,1030,979,832,672,548,443,353,264,174,105,3309,2898,2533,2337,2207,1499,840,726,645,534,465,373,290,226,161,97,64,6571,5745,5041,4668,4527,3255,2019,1756,1624,1366,1137,921,733,579,425,271,169
2024,MOZ,MoÃ§ambique,Mozambique,MZ,Inhambane,MZ03,Homoine,MZ0304,69037,59862,128899,9548,8632,8387,7620,6244,4681,3784,3440,3080,2727,2498,2201,1928,1609,1248,837,573,9684,8787,8843,7969,5926,3765,2511,2308,2171,1816,1473,1223,1085,904,688,441,268,19232,17419,17230,15589,12170,8446,6295,5748,5251,4543,3971,3424,3013,2513,1936,1278,841
2024,MOZ,MoÃ§ambique,Mozambique,MZ,Inhambane,MZ03,Inharrime,MZ0305,67779,58558,126337,9826,8679,8373,7645,6676,4996,3779,3335,2921,2517,2247,1893,1509,1232,966,702,483,9965,8836,8836,7897,5887,3684,2387,2164,2027,1677,1341,1085,928,749,546,327,222,19791,17515,17209,15542,12563,8680,6166,5499,4948,4194,3588,2978,2437,1981,1512,1029,705
2024,MOZ,MoÃ§ambique,Mozambique,MZ,Inhambane,MZ03,Inhassoro,MZ0306,33974,30730,64704,5043,4463,3923,3643,3515,2666,1850,1651,1614,1371,1062,872,746,607,461,304,183,5115,4543,3894,3617,3569,2453,1312,1170,1182,988,778,618,511,404,289,170,117,10158,9006,7817,7260,7084,5119,3162,2821,2796,2359,1840,1490,1257,1011,750,474,300
2024,MOZ,MoÃ§ambique,Mozambique,MZ,Inhambane,MZ03,Jangamo,MZ0307,62912,54319,117231,8891,7877,7668,6985,6055,4504,3360,3010,2764,2454,2261,1940,1559,1292,1036,777,479,9017,8019,8219,7367,5410,3396,2285,2043,1753,1476,1350,1123,907,746,575,392,241,17908,15896,15887,14352,11465,7900,5645,5053,4517,3930,3611,3063,2466,2038,1611,1169,720
2024,MOZ,MoÃ§ambique,Mozambique,MZ,Inhambane,MZ03,Mabote,MZ0308,30494,25740,56234,4219,3813,3630,3274,2857,2123,1536,1450,1562,1388,1124,934,762,635,514,392,281,4279,3882,3716,3333,2783,1774,999,885,859,739,656,537,423,340,254,166,115,8498,7695,7346,6607,5640,3897,2535,2335,2421,2127,1780,1471,1185,975,768,558,396
2024,MOZ,MoÃ§ambique,Mozambique,MZ,Inhambane,MZ03,Massinga,MZ0309,148563,129210,277773,21662,19919,16940,15777,13960,10877,8823,8003,7133,6022,4933,4068,3343,2706,2068,1413,916,21970,20279,17125,15690,12511,8505,5882,5486,5108,4210,3342,2619,2046,1664,1294,923,556,43632,40198,34065,31467,26471,19382,14705,13489,12241,10232,8275,6687,5389,4370,3362,2336,1472
2024,MOZ,MoÃ§ambique,Mozambique,MZ,Inhambane,MZ03,Maxixe,MZ0310,83599,75227,158826,13098,11564,8868,8708,9086,7140,5068,4312,3537,2919,2523,2052,1557,1223,921,644,379,13284,11772,8637,8403,8857,6536,3984,3403,2579,2012,1776,1363,944,701,489,307,180,26382,23336,17505,17111,17943,13676,9052,7715,6116,4931,4299,3415,2501,1924,1410,951,559
2024,MOZ,MoÃ§ambique,Mozambique,MZ,Inhambane,MZ03,Morrumbene,MZ0311,83127,72938,156065,11796,10772,9691,8885,7650,5874,4763,4316,3819,3297,2859,2478,2197,1826,1403,919,582,11963,10967,10102,9185,7335,4890,3269,2989,2718,2236,1797,1455,1221,1028,819,588,376,23759,21739,19793,18070,14985,10764,8032,7305,6537,5533,4656,3933,3418,2854,2222,1507,958
2024,MOZ,MoÃ§ambique,Mozambique,MZ,Inhambane,MZ03,Panda,MZ0312,25970,22026,47996,3308,3066,3241,2864,2070,1513,1322,1268,1240,1140,1046,954,897,765,598,390,288,3355,3121,3374,2982,2037,1232,847,809,826,724,617,533,490,415,320,205,139,6663,6187,6615,5846,4107,2745,2169,2077,2066,1864,1663,1487,1387,1180,918,595,427
2024,MOZ,MoÃ§ambique,Mozambique,MZ,Inhambane,MZ03,Vilankulo,MZ0313,93118,83612,176730,13701,12422,10569,9902,9079,7025,5405,4858,4415,3712,2952,2436,2060,1692,1313,912,665,13895,12646,10745,9996,8994,6252,3904,3528,3220,2639,2131,1665,1274,1024,789,559,351,27596,25068,21314,19898,18073,13277,9309,8386,7635,6351,5083,4101,3334,2716,2102,1471,1016
2024,MOZ,MoÃ§ambique,Mozambique,MZ,Inhambane,MZ03,Zavala,MZ0314,91085,78585,169670,12682,11280,11321,10347,8558,6296,4758,4345,4180,3721,3306,2829,2356,1903,1423,910,870,12863,11483,11851,10679,7894,4908,3132,2871,2791,2370,1969,1627,1411,1131,804,448,353,25545,22763,23172,21026,16452,11204,7890,7216,6971,6091,5275,4456,3767,3034,2227,1358,1223
2024,MOZ,MoÃ§ambique,Mozambique,MZ,Manica,MZ04,Barue,MZ0401,127591,118949,246540,22025,20158,18052,14745,12064,9886,8089,5928,4083,2991,2304,1904,1721,1468,1133,677,363,21973,20125,17663,14255,11452,8635,6530,5073,3884,2839,1976,1413,1062,839,625,400,205,43998,40283,35715,29000,23516,18521,14619,11001,7967,5830,4280,3317,2783,2307,1758,1077,568
2024,MOZ,MoÃ§ambique,Mozambique,MZ,Manica,MZ04,Cidade De Chimoio,MZ0402,267328,264777,532105,49379,44029,34261,30391,28408,23692,17090,11884,8099,5738,4390,3283,2348,1797,1268,726,545,49263,43956,33357,29628,28688,22938,16333,12203,8291,5970,4902,3556,2358,1675,1029,371,259,98642,87985,67618,60019,57096,46630,33423,24087,16390,11708,9292,6839,4706,3472,2297,1097,804
2024,MOZ,MoÃ§ambique,Mozambique,MZ,Manica,MZ04,Gondola,MZ0403,131706,127559,259265,22211,20438,18924,15580,12192,9816,7791,5912,4793,3744,2901,2263,1696,1357,1016,647,425,22159,20404,18973,15762,12684,9425,6603,5124,4230,3328,2690,2057,1531,1174,802,379,234,44370,40842,37897,31342,24876,19241,14394,11036,9023,7072,5591,4320,3227,2531,1818,1026,659
2024,MOZ,MoÃ§ambique,Mozambique,MZ,Manica,MZ04,Guro,MZ0404,64596,59714,124310,10691,9943,9569,7599,5734,4608,3908,2994,2317,1786,1352,1115,1000,836,619,326,199,10666,9927,9811,7851,6110,4372,2934,2172,1714,1247,849,604,455,369,292,216,125,21357,19870,19380,15450,11844,8980,6842,5166,4031,3033,2201,1719,1455,1205,911,542,324
2024,MOZ,MoÃ§ambique,Mozambique,MZ,Manica,MZ04,Macate,MZ0405,55331,54495,109826,8957,8446,8262,6587,4710,3756,3282,2591,2125,1694,1346,1067,807,658,508,346,189,8935,8432,8664,7025,5142,3720,2734,2206,1972,1582,1225,933,709,549,378,182,107,17892,16878,16926,13612,9852,7476,6016,4797,4097,3276,2571,2000,1516,1207,886,528,296
2024,MOZ,MoÃ§ambique,Mozambique,MZ,Manica,MZ04,Machaze,MZ0406,95922,76313,172235,15405,15371,12501,10069,7627,6411,6003,4971,4299,3407,2450,1910,1477,1304,1172,1065,480,15369,15345,11976,9077,5574,3768,3126,2633,2472,1961,1351,1007,789,672,566,460,167,30774,30716,24477,19146,13201,10179,9129,7604,6771,5368,3801,2917,2266,1976,1738,1525,647
2024,MOZ,MoÃ§ambique,Mozambique,MZ,Manica,MZ04,Macossa,MZ0407,29747,27379,57126,5092,4573,4468,3511,2878,2304,1765,1283,968,716,499,420,434,367,262,104,103,5080,4566,4444,3427,2632,1880,1301,1005,878,653,397,291,269,222,165,89,80,10172,9139,8912,6938,5510,4184,3066,2288,1846,1369,896,711,703,589,427,193,183
2024,MOZ,MoÃ§ambique,Mozambique,MZ,Manica,MZ04,Manica,MZ0408,147833,146171,294004,26401,24222,19595,16386,14614,12221,9642,6981,4757,3481,2848,2166,1457,1141,880,660,381,26338,24182,20057,16709,14440,11389,8947,6958,4915,3596,2838,2058,1393,1037,715,399,200,52739,48404,39652,33095,29054,23610,18589,13939,9672,7077,5686,4224,2850,2178,1595,1059,581
2024,MOZ,MoÃ§ambique,Mozambique,MZ,Manica,MZ04,Mossurize,MZ0409,157421,132606,290027,27624,27084,17805,15043,14258,12544,10845,8415,6317,4763,3559,2730,2052,1665,1293,906,518,27559,27039,17411,13498,10314,7855,6520,5452,4756,3655,2450,1767,1355,1118,904,689,264,55183,54123,35216,28541,24572,20399,17365,13867,11073,8418,6009,4497,3407,2783,2197,1595,782
2024,MOZ,MoÃ§ambique,Mozambique,MZ,Manica,MZ04,Sussundenga,MZ0410,116218,107887,224105,20156,18693,15795,12917,11052,9141,7257,5429,4170,3136,2295,1789,1452,1185,889,535,327,20108,18662,15802,12597,10024,7485,5541,4408,3735,2854,2012,1458,1083,857,643,421,197,40264,37355,31597,25514,21076,16626,12798,9837,7905,5990,4307,3247,2535,2042,1532,956,524
2024,MOZ,MoÃ§ambique,Mozambique,MZ,Manica,MZ04,Tambara,MZ0411,35093,31513,66606,5813,5359,5180,4061,3161,2543,2111,1591,1197,911,667,596,653,567,416,178,89,5800,5350,5274,4058,3010,2094,1400,1070,949,729,509,371,277,229,188,149,56,11613,10709,10454,8119,6171,4637,3511,2661,2146,1640,1176,967,930,796,604,327,145
2024,MOZ,MoÃ§ambique,Mozambique,MZ,Manica,MZ04,Vanduzi,MZ0412,77462,74890,152352,13291,12084,11162,9106,7387,5978,4697,3460,2579,1957,1529,1235,1036,841,604,303,213,13259,12064,11240,9114,7165,5406,4206,3260,2349,1765,1432,1131,938,739,501,199,122,26550,24148,22402,18220,14552,11384,8903,6720,4928,3722,2961,2366,1974,1580,1105,502,335
2024,MOZ,MoÃ§ambique,Mozambique,MZ,Maputo,MZ05,Boane,MZ0501,133470,130138,263608,13927,16286,16703,14725,13981,12548,10468,9082,7278,5121,3729,2947,2390,1774,1239,770,502,14362,16646,17227,14883,14004,11767,9852,8836,6910,4753,3391,2593,1978,1364,858,464,250,28289,32932,33930,29608,27985,24315,20320,17918,14188,9874,7120,5540,4368,3138,2097,1234,752
2024,MOZ,MoÃ§ambique,Mozambique,MZ,Maputo,MZ05,Cidade Da Matola,MZ0502,691424,658380,1349804,72208,85932,86755,78174,70521,63661,54971,48797,41553,29320,19737,14415,9948,6652,4243,2617,1920,74462,87831,86019,75634,69785,57918,46914,42843,37335,26756,18739,13768,8981,5597,3184,1696,918,146670,173763,172774,153808,140306,121579,101885,91640,78888,56076,38476,28183,18929,12249,7427,4313,2838
2024,MOZ,MoÃ§ambique,Mozambique,MZ,Maputo,MZ05,Magude,MZ0503,37864,33787,71651,3360,3906,5514,4502,3476,2897,2343,2128,2102,1687,1325,1166,1089,902,711,510,246,3465,3992,5820,4612,3347,2488,1960,1781,1646,1216,837,692,649,517,387,265,113,6825,7898,11334,9114,6823,5385,4303,3909,3748,2903,2162,1858,1738,1419,1098,775,359
2024,MOZ,MoÃ§ambique,Mozambique,MZ,Maputo,MZ05,ManhiÃ§a,MZ0504,127849,114423,242272,11625,13584,18483,15371,11918,10013,8159,7442,7439,5845,4313,3636,3249,2600,1978,1364,830,11988,13884,19691,15833,11380,8451,6656,6054,5631,4137,2798,2248,2003,1540,1108,719,302,23613,27468,38174,31204,23298,18464,14815,13496,13070,9982,7111,5884,5252,4140,3086,2083,1132
2024,MOZ,MoÃ§ambique,Mozambique,MZ,Maputo,MZ05,Marracuene,MZ0505,143417,134196,277613,15056,18370,18606,16062,13686,12731,12527,11083,8091,5299,3528,2611,2024,1481,1058,734,470,15526,18776,18930,15557,12020,10397,10620,9946,7861,5210,3104,2164,1625,1098,696,417,249,30582,37146,37536,31619,25706,23128,23147,21029,15952,10509,6632,4775,3649,2579,1754,1151,719
2024,MOZ,MoÃ§ambique,Mozambique,MZ,Maputo,MZ05,Matutuine,MZ0506,26244,26340,52584,2464,2856,3342,2869,2587,2227,1696,1518,1482,1197,983,850,739,576,419,264,175,2541,2919,3768,3217,2883,2269,1646,1480,1368,1049,812,695,642,486,324,164,77,5005,5775,7110,6086,5470,4496,3342,2998,2850,2246,1795,1545,1381,1062,743,428,252
2024,MOZ,MoÃ§ambique,Mozambique,MZ,Maputo,MZ05,Moamba,MZ0507,55066,52079,107145,5219,6041,6968,5999,5474,4731,3618,3217,3056,2458,2060,1785,1549,1195,847,504,345,5382,6175,7446,6250,5463,4361,3404,3056,2596,1927,1493,1275,1178,908,633,363,169,10601,12216,14414,12249,10937,9092,7022,6273,5652,4385,3553,3060,2727,2103,1480,867,514
2024,MOZ,MoÃ§ambique,Mozambique,MZ,Maputo,MZ05,Namaacha,MZ0508,28776,28158,56934,2602,3064,4032,3405,2647,2238,1832,1683,1673,1376,1166,986,784,573,381,207,127,2683,3132,4380,3671,2899,2206,1638,1497,1435,1138,927,793,694,511,328,153,73,5285,6196,8412,7076,5546,4444,3470,3180,3108,2514,2093,1779,1478,1084,709,360,200
2024,MOZ,MoÃ§ambique,Mozambique,MZ,Maputo City,MZ06,Cidade De Maputo,MZ0601,663899,636361,1300260,57587,73604,77832,71193,67984,63267,55930,44626,35147,28604,23195,20465,17174,12114,7750,4760,2667,60093,75428,79519,69006,66676,64607,54982,42291,32289,23453,17244,15627,13615,9903,6463,3677,1488,117680,149032,157351,140199,134660,127874,110912,86917,67436,52057,40439,36092,30789,22017,14213,8437,4155
2024,MOZ,MoÃ§ambique,Mozambique,MZ,Nampula,MZ07,Angoche,MZ0701,222464,215104,437568,37996,34290,28788,23131,18861,16541,14359,11174,8566,7389,6648,4927,3449,2653,1902,1127,663,40152,35975,31396,23728,17046,13230,10563,8704,7541,6795,5832,4434,3504,2718,1902,1049,535,78148,70265,60184,46859,35907,29771,24922,19878,16107,14184,12480,9361,6953,5371,3804,2176,1198
2024,MOZ,MoÃ§ambique,Mozambique,MZ,Nampula,MZ07,Cidade De Nampula,MZ0702,529736,537894,1067630,97449,80713,75378,66769,52547,44056,32899,22952,15667,12347,10311,6977,4341,3111,2125,1311,783,102978,84679,74594,64849,52261,42016,31990,23810,15976,13101,11825,8170,4810,3187,1948,1059,641,200427,165392,149972,131618,104808,86072,64889,46762,31643,25448,22136,15147,9151,6298,4073,2370,1424
2024,MOZ,MoÃ§ambique,Mozambique,MZ,Nampula,MZ07,Erati,MZ0703,258699,238455,497154,43451,41839,31027,24495,19713,18105,17932,15042,12622,10763,8063,5464,3798,2811,1908,1015,651,45916,43895,32216,23780,17627,14220,12262,10487,9294,8327,6878,4893,3378,2422,1565,794,501,89367,85734,63243,48275,37340,32325,30194,25529,21916,19090,14941,10357,7176,5233,3473,1809,1152
2024,MOZ,MoÃ§ambique,Mozambique,MZ,Nampula,MZ07,Ilha De MoÃ§ambique,MZ0704,43641,41128,84769,7439,6680,5606,4647,3691,3225,2784,2170,1691,1445,1225,910,683,553,426,289,177,7861,7008,5700,4329,2908,2378,2329,1943,1462,1284,1152,874,661,513,369,225,132,15300,13688,11306,8976,6599,5603,5113,4113,3153,2729,2377,1784,1344,1066,795,514,309
2024,MOZ,MoÃ§ambique,Mozambique,MZ,Nampula,MZ07,Lalaua,MZ0705,64786,63914,128700,10981,9844,9390,7215,5372,4616,4186,3283,2514,2125,1798,1249,778,575,418,294,148,11604,10327,9910,7488,5575,4281,3199,2572,2253,1979,1580,1105,763,555,375,217,131,22585,20171,19300,14703,10947,8897,7385,5855,4767,4104,3378,2354,1541,1130,793,511,279
2024,MOZ,MoÃ§ambique,Mozambique,MZ,Nampula,MZ07,Larde,MZ0706,60409,59786,120195,10569,9285,8239,6529,5459,4701,3796,2862,2202,1851,1554,1104,748,577,432,299,202,11169,9741,8827,6650,5055,4002,3255,2581,1983,1719,1505,1091,741,565,424,309,169,21738,19026,17066,13179,10514,8703,7051,5443,4185,3570,3059,2195,1489,1142,856,608,371
2024,MOZ,MoÃ§ambique,Mozambique,MZ,Nampula,MZ07,LiÃºpo,MZ0707,56334,54512,110846,9550,8879,7450,5828,4495,3994,3793,3086,2505,2097,1538,1026,704,541,406,289,153,10091,9315,8207,6025,3951,3070,2722,2357,2148,1920,1514,1073,772,578,403,242,124,19641,18194,15657,11853,8446,7064,6515,5443,4653,4017,3052,2099,1476,1119,809,531,277
2024,MOZ,MoÃ§ambique,Mozambique,MZ,Nampula,MZ07,Malema,MZ0708,136854,133737,270591,23359,20416,19798,16061,11739,9927,8494,6523,5010,4254,3666,2632,1785,1346,950,563,331,24685,21419,20410,16076,11650,9003,6958,5502,4457,3877,3264,2324,1599,1150,750,393,220,48044,41835,40208,32137,23389,18930,15452,12025,9467,8131,6930,4956,3384,2496,1700,956,551
2024,MOZ,MoÃ§ambique,Mozambique,MZ,Nampula,MZ07,Meconta,MZ0709,143314,143534,286848,24906,21790,20182,16514,12666,10782,8919,6830,5422,4536,3558,2456,1701,1285,915,555,297,26319,22861,21260,16906,12551,9838,7654,6125,5074,4397,3549,2471,1666,1221,854,552,236,51225,44651,41442,33420,25217,20620,16573,12955,10496,8933,7107,4927,3367,2506,1769,1107,533
2024,MOZ,MoÃ§ambique,Mozambique,MZ,Nampula,MZ07,Mecuburi,MZ0710,130612,125761,256373,22293,20183,18042,14208,10815,9424,8611,6791,5222,4393,3626,2491,1549,1155,862,644,303,23558,21175,18524,13967,10523,8221,6382,5209,4531,4010,3313,2312,1494,1077,747,492,226,45851,41358,36566,28175,21338,17645,14993,12000,9753,8403,6939,4803,3043,2232,1609,1136,529
2024,MOZ,MoÃ§ambique,Mozambique,MZ,Nampula,MZ07,Memba,MZ0711,207879,196017,403896,35525,33429,25398,19641,16896,15317,14163,11487,9339,7889,5953,4169,3175,2437,1681,840,540,37540,35072,27690,19844,14552,11567,9872,8409,7478,6693,5437,3959,2991,2235,1490,751,437,73065,68501,53088,39485,31448,26884,24035,19896,16817,14582,11390,8128,6166,4672,3171,1591,977
2024,MOZ,MoÃ§ambique,Mozambique,MZ,Nampula,MZ07,Mogincual,MZ0712,61177,59149,120326,10326,9591,8052,6221,4896,4349,4081,3309,2678,2259,1711,1188,872,675,487,292,190,10911,10063,8778,6406,4347,3405,2991,2574,2314,2073,1676,1198,849,641,460,299,164,21237,19654,16830,12627,9243,7754,7072,5883,4992,4332,3387,2386,1721,1316,947,591,354
2024,MOZ,MoÃ§ambique,Mozambique,MZ,Nampula,MZ07,Mogovolas,MZ0713,231978,227435,459413,38491,36040,30188,23561,17931,15978,15463,12659,10102,8806,7741,5529,3531,2586,1782,1055,535,40675,37811,32903,24866,18098,14357,11983,10031,8659,7791,6788,4866,3151,2302,1626,1097,431,79166,73851,63091,48427,36029,30335,27446,22690,18761,16597,14529,10395,6682,4888,3408,2152,966
2024,MOZ,MoÃ§ambique,Mozambique,MZ,Nampula,MZ07,Moma,MZ0714,201721,198983,400704,34693,31181,27103,21503,17350,15054,12744,10017,8232,7029,5667,3918,2571,1906,1346,842,565,36661,32713,28885,21873,16880,13279,10251,8329,7146,6372,5479,3925,2602,1907,1334,864,483,71354,63894,55988,43376,34230,28333,22995,18346,15378,13401,11146,7843,5173,3813,2680,1706,1048
2024,MOZ,MoÃ§ambique,Mozambique,MZ,Nampula,MZ07,Monapo,MZ0715,252802,245202,498004,44081,39625,33007,26617,22103,19346,16355,12712,10117,8517,6760,4688,3226,2414,1680,962,592,46582,41572,35377,27085,20561,16124,12465,10123,8733,7672,6157,4384,3192,2346,1552,801,476,90663,81197,68384,53702,42664,35470,28820,22835,18850,16189,12917,9072,6418,4760,3232,1763,1068
2024,MOZ,MoÃ§ambique,Mozambique,MZ,Nampula,MZ07,Mossuril,MZ0716,113177,108286,221463,18983,17670,13812,11009,9070,8144,7501,6033,4778,4114,3442,2565,1968,1594,1216,792,486,20060,18539,15144,11197,7754,6179,5528,4725,4063,3692,3234,2473,1913,1520,1132,739,394,39043,36209,28956,22206,16824,14323,13029,10758,8841,7806,6676,5038,3881,3114,2348,1531,880
2024,MOZ,MoÃ§ambique,Mozambique,MZ,Nampula,MZ07,Muecate,MZ0717,82946,81521,164467,14083,12422,12230,9669,7021,5924,5098,4004,3289,2789,2199,1488,940,697,512,368,213,14882,13032,12916,9907,7191,5449,3985,3172,2781,2446,1984,1373,893,639,434,273,164,28965,25454,25146,19576,14212,11373,9083,7176,6070,5235,4183,2861,1833,1336,946,641,377
2024,MOZ,MoÃ§ambique,Mozambique,MZ,Nampula,MZ07,Murrupula,MZ0718,113807,111179,224986,18982,17000,16388,12808,9289,7917,7074,5626,4543,3946,3433,2450,1579,1173,833,527,239,20059,17836,17283,13070,9310,7145,5601,4540,3860,3448,3007,2168,1444,1049,715,433,211,39041,34836,33671,25878,18599,15062,12675,10166,8403,7394,6440,4618,3023,2222,1548,960,450
2024,MOZ,MoÃ§ambique,Mozambique,MZ,Nampula,MZ07,Nacala,MZ0719,198710,195402,394112,36146,30489,26658,23295,19501,16553,12144,8653,6401,5250,4388,3122,2213,1667,1145,600,485,38197,31988,25978,21719,17800,14444,11252,8633,6201,5214,4501,3282,2428,1766,1112,468,419,74343,62477,52636,45014,37301,30997,23396,17286,12602,10464,8889,6404,4641,3433,2257,1068,904
2024,MOZ,MoÃ§ambique,Mozambique,MZ,Nampula,MZ07,Nacala-A-Velha,MZ0720,79855,75706,155561,13341,12290,10069,8099,6454,5695,5062,4106,3471,3009,2395,1759,1376,1108,831,514,276,14098,12894,10792,8182,5829,4584,3819,3180,2730,2437,2021,1535,1256,994,715,415,225,27439,25184,20861,16281,12283,10279,8881,7286,6201,5446,4416,3294,2632,2102,1546,929,501
2024,MOZ,MoÃ§ambique,Mozambique,MZ,Nampula,MZ07,Nacaroa,MZ0721,93658,89354,183012,15640,14318,12594,10026,7527,6547,5901,4811,4101,3556,2856,1989,1319,1001,737,504,231,16528,15021,13675,10389,7176,5481,4312,3612,3351,2975,2290,1591,1126,823,552,309,143,32168,29339,26269,20415,14703,12028,10213,8423,7452,6531,5146,3580,2445,1824,1289,813,374
2024,MOZ,MoÃ§ambique,Mozambique,MZ,Nampula,MZ07,Rapale,MZ0722,105490,103060,208550,17693,15710,14797,11865,8778,7492,6530,5104,3993,3491,3218,2392,1636,1235,858,473,225,18697,16482,15604,12040,8592,6658,5312,4282,3518,3127,2752,2034,1455,1091,755,442,219,36390,32192,30401,23905,17370,14150,11842,9386,7511,6618,5970,4426,3091,2326,1613,915,444
2024,MOZ,MoÃ§ambique,Mozambique,MZ,Nampula,MZ07,Ribaue,MZ0723,158517,153785,312302,26525,22921,24696,19532,13320,10979,9424,7313,5870,5012,4160,2958,2028,1553,1135,733,358,28030,24047,25249,19407,13510,10102,7511,5865,4827,4245,3702,2640,1707,1238,862,565,278,54555,46968,49945,38939,26830,21081,16935,13178,10697,9257,7862,5598,3735,2791,1997,1298,636
2024,MOZ,MoÃ§ambique,Mozambique,MZ,Niassa,MZ08,Chimbonila,MZ0801,49310,47520,96830,10123,7862,6450,5185,4148,3580,3018,2281,1739,1342,1022,777,625,479,341,199,139,10620,8206,6512,5005,3956,3093,2309,1845,1541,1238,958,715,557,411,283,171,100,20743,16068,12962,10190,8104,6673,5327,4126,3280,2580,1980,1492,1182,890,624,370,239
2024,MOZ,MoÃ§ambique,Mozambique,MZ,Niassa,MZ08,Cidade De Lichinga,MZ0802,177358,176234,353592,37756,28301,23306,20191,15981,13614,10737,7740,5546,4135,3224,2334,1610,1169,823,534,357,39612,29539,23829,19872,15389,12185,9364,7251,5260,4064,3400,2469,1663,1104,668,344,221,77368,57840,47135,40063,31370,25799,20101,14991,10806,8199,6624,4803,3273,2273,1491,878,578
2024,MOZ,MoÃ§ambique,Mozambique,MZ,Niassa,MZ08,Cuamba,MZ0803,185497,185037,370534,38325,29343,24968,20648,15848,13479,11062,8339,6585,5106,3875,2781,1878,1343,932,600,385,40209,30627,26399,21157,15527,12050,9288,7443,6086,4881,3906,2814,1898,1269,782,424,277,78534,59970,51367,41805,31375,25529,20350,15782,12671,9987,7781,5595,3776,2612,1714,1024,662
2024,MOZ,MoÃ§ambique,Mozambique,MZ,Niassa,MZ08,Ilha Licom,MZ0804,NA,NA,NA,NA,NA,NA,NA,NA,NA,NA,NA,NA,NA,NA,NA,NA,NA,NA,NA,NA,NA,NA,NA,NA,NA,NA,NA,NA,NA,NA,NA,NA,NA,NA,NA,NA,NA,NA,NA,NA,NA,NA,NA,NA,NA,NA,NA,NA,NA,NA,NA,NA,NA,NA
2024,MOZ,MoÃ§ambique,Mozambique,MZ,Niassa,MZ08,Ilha Risunodo,MZ0805,NA,NA,NA,NA,NA,NA,NA,NA,NA,NA,NA,NA,NA,NA,NA,NA,NA,NA,NA,NA,NA,NA,NA,NA,NA,NA,NA,NA,NA,NA,NA,NA,NA,NA,NA,NA,NA,NA,NA,NA,NA,NA,NA,NA,NA,NA,NA,NA,NA,NA,NA,NA,NA,NA
2024,MOZ,MoÃ§ambique,Mozambique,MZ,Niassa,MZ08,Lago,MZ0806,75399,72947,148346,15315,11814,9986,8243,6239,5338,4556,3448,2609,2019,1568,1202,943,764,614,463,278,16068,12331,10231,8099,5876,4555,3551,2888,2447,1972,1509,1104,813,601,432,296,174,31383,24145,20217,16342,12115,9893,8107,6336,5056,3991,3077,2306,1756,1365,1046,759,452
2024,MOZ,MoÃ§ambique,Mozambique,MZ,Niassa,MZ08,Lago Niassa,MZ0807,NA,NA,NA,NA,NA,NA,NA,NA,NA,NA,NA,NA,NA,NA,NA,NA,NA,NA,NA,NA,NA,NA,NA,NA,NA,NA,NA,NA,NA,NA,NA,NA,NA,NA,NA,NA,NA,NA,NA,NA,NA,NA,NA,NA,NA,NA,NA,NA,NA,NA,NA,NA,NA,NA
2024,MOZ,MoÃ§ambique,Mozambique,MZ,Niassa,MZ08,Majune,MZ0808,27675,26728,54403,5498,4335,3845,3093,2131,1823,1732,1361,1038,798,582,433,347,266,191,115,87,5769,4525,3976,3117,2202,1653,1208,976,877,719,556,403,283,198,132,81,53,11267,8860,7821,6210,4333,3476,2940,2337,1915,1517,1138,836,630,464,323,196,140
2024,MOZ,MoÃ§ambique,Mozambique,MZ,Niassa,MZ08,Mandimba,MZ0809,140476,137791,278267,29236,22674,18180,14479,12115,10506,8685,6482,4806,3728,3089,2277,1495,1070,752,501,401,30674,23667,19196,14332,10584,8386,7087,5806,4572,3711,3168,2358,1605,1118,745,464,318,59910,46341,37376,28811,22699,18892,15772,12288,9378,7439,6257,4635,3100,2188,1497,965,719
2024,MOZ,MoÃ§ambique,Mozambique,MZ,Niassa,MZ08,Marrupa,MZ0810,53032,51951,104983,10615,8398,7124,5704,4164,3595,3312,2592,1998,1555,1191,879,628,483,373,278,143,11136,8766,7441,5775,4114,3193,2572,2114,1784,1451,1158,839,558,404,300,229,117,21751,17164,14565,11479,8278,6788,5884,4706,3782,3006,2349,1718,1186,887,673,507,260
2024,MOZ,MoÃ§ambique,Mozambique,MZ,Niassa,MZ08,Maua,MZ0811,45834,44798,90632,9092,7213,6097,4834,3608,3099,2733,2177,1857,1488,1108,815,594,448,327,219,125,9539,7529,6525,5059,3712,2845,2135,1738,1545,1250,921,659,473,346,249,175,98,18631,14742,12622,9893,7320,5944,4868,3915,3402,2738,2029,1474,1067,794,576,394,223
2024,MOZ,MoÃ§ambique,Mozambique,MZ,Niassa,MZ08,Mavago,MZ0812,19670,19377,39047,4020,3010,2946,2346,1656,1375,1180,870,622,445,277,211,219,188,149,99,57,4217,3142,3106,2405,1647,1213,883,692,596,450,249,176,190,160,125,85,41,8237,6152,6052,4751,3303,2588,2063,1562,1218,895,526,387,409,348,274,184,98
2024,MOZ,MoÃ§ambique,Mozambique,MZ,Niassa,MZ08,Mecanhelas,MZ0813,172698,172225,344923,35946,27766,23398,18360,14828,12758,10728,8013,5917,4470,3408,2430,1612,1177,868,636,383,37714,28981,25680,19207,14269,11001,8573,6857,5568,4388,3315,2358,1665,1156,757,452,284,73660,56747,49078,37567,29097,23759,19301,14870,11485,8858,6723,4788,3277,2333,1625,1088,667
2024,MOZ,MoÃ§ambique,Mozambique,MZ,Niassa,MZ08,Mecula,MZ0814,14725,14696,29421,2992,2334,1935,1620,1193,1028,915,703,529,407,309,233,183,140,101,62,41,3139,2436,2026,1646,1208,942,718,597,554,444,293,202,151,119,98,82,41,6131,4770,3961,3266,2401,1970,1633,1300,1083,851,602,435,334,259,199,144,82
2024,MOZ,MoÃ§ambique,Mozambique,MZ,Niassa,MZ08,Metarica,MZ0815,29681,29889,59570,5775,4557,4375,3426,2210,1856,1807,1451,1172,913,645,469,360,274,201,132,58,6059,4757,4652,3664,2512,1893,1451,1171,1003,805,601,438,334,240,161,94,54,11834,9314,9027,7090,4722,3749,3258,2622,2175,1718,1246,907,694,514,362,226,112
2024,MOZ,MoÃ§ambique,Mozambique,MZ,Niassa,MZ08,Muembe,MZ0816,29130,28667,57797,5925,4546,4100,3282,2398,2035,1796,1350,971,722,522,390,316,265,224,182,106,6216,4745,4377,3385,2418,1831,1392,1091,864,674,511,369,268,200,148,107,71,12141,9291,8477,6667,4816,3866,3188,2441,1835,1396,1033,759,584,465,372,289,177
2024,MOZ,MoÃ§ambique,Mozambique,MZ,Niassa,MZ08,Ngauma,MZ0817,65895,62559,128454,13920,10757,8263,6696,5816,5078,4130,3038,2202,1643,1217,912,743,577,422,262,219,14604,11228,8485,6316,4704,3735,3161,2581,2026,1600,1239,912,679,506,368,253,162,28524,21985,16748,13012,10520,8813,7291,5619,4228,3243,2456,1824,1422,1083,790,515,381
2024,MOZ,MoÃ§ambique,Mozambique,MZ,Niassa,MZ08,Nipepe,MZ0818,29479,28611,58090,5821,4776,3889,2970,2203,1940,1887,1539,1271,1006,738,523,354,243,155,81,83,6108,4985,4220,3160,2287,1749,1352,1114,995,814,625,443,292,197,128,80,62,11929,9761,8109,6130,4490,3689,3239,2653,2266,1820,1363,966,646,440,283,161,145
2024,MOZ,MoÃ§ambique,Mozambique,MZ,Niassa,MZ08,Sanga,MZ0819,51027,49364,100391,10131,7806,7226,5765,4075,3428,3024,2325,1805,1406,1049,831,758,597,418,212,171,10629,8148,7359,5711,4060,3076,2329,1858,1541,1252,1021,770,571,425,306,206,102,20760,15954,14585,11476,8135,6504,5353,4183,3346,2658,2070,1601,1329,1022,724,418,273
2024,MOZ,MoÃ§ambique,Mozambique,MZ,Sofala,MZ09,Buzi,MZ0901,120322,108855,229177,19205,18120,16041,13703,10735,8756,7638,5890,4692,3986,3214,2505,1966,1562,1153,725,431,19473,18328,16025,13357,9534,6945,5503,4309,3708,3116,2464,1913,1467,1148,823,494,248,38678,36448,32066,27060,20269,15701,13141,10199,8400,7102,5678,4418,3433,2710,1976,1219,679
2024,MOZ,MoÃ§ambique,Mozambique,MZ,Sofala,MZ09,Caia,MZ0902,100848,93025,193873,16103,14854,14623,12187,9199,7308,6251,4743,3776,3144,2395,1823,1434,1154,885,620,349,16328,15024,14478,11858,8777,6318,4632,3520,3098,2547,1869,1403,1065,841,627,429,211,32431,29878,29101,24045,17976,13626,10883,8263,6874,5691,4264,3226,2499,1995,1512,1049,560
2024,MOZ,MoÃ§ambique,Mozambique,MZ,Sofala,MZ09,Chemba,MZ0903,52052,46131,98183,8546,7857,7021,5732,5000,4090,3303,2433,1858,1547,1240,977,801,651,492,317,187,8665,7947,7113,5603,4365,3147,2227,1652,1435,1155,798,595,483,384,280,172,110,17211,15804,14134,11335,9365,7237,5530,4085,3293,2702,2038,1572,1284,1035,772,489,297
2024,MOZ,MoÃ§ambique,Mozambique,MZ,Sofala,MZ09,Cheringoma,MZ0904,34794,33125,67919,5550,5093,5396,4392,3169,2471,2143,1635,1331,1084,740,540,443,348,250,143,66,5627,5152,5471,4417,3122,2201,1631,1251,1132,926,644,477,373,294,215,137,55,11177,10245,10867,8809,6291,4672,3774,2886,2463,2010,1384,1017,816,642,465,280,121
2024,MOZ,MoÃ§ambique,Mozambique,MZ,Sofala,MZ09,Chibabava,MZ0905,95622,80032,175654,15291,14967,12312,10411,8032,6750,6596,5206,3958,3258,2458,1833,1363,1112,911,768,396,15505,15138,12144,9707,6111,4267,3707,3030,2748,2273,1614,1171,821,650,517,439,190,30796,30105,24456,20118,14143,11017,10303,8236,6706,5531,4072,3004,2184,1762,1428,1207,586
2024,MOZ,MoÃ§ambique,Mozambique,MZ,Sofala,MZ09,Cidade Da Beira,MZ0906,416894,425164,842058,75359,68044,44251,42258,45550,39240,28939,19924,13512,10762,9119,6841,4698,3512,2491,1619,775,76411,68824,44271,43046,48748,41170,30949,21849,13350,10005,8740,6558,4376,3174,2097,1149,447,151770,136868,88522,85304,94298,80410,59888,41773,26862,20767,17859,13399,9074,6686,4588,2768,1222
2024,MOZ,MoÃ§ambique,Mozambique,MZ,Sofala,MZ09,Dondo,MZ0907,129139,129614,258753,22152,19751,16426,14670,13401,11042,8318,5818,4141,3394,2910,2259,1678,1304,948,599,328,22462,19977,16247,14664,13986,11266,8591,6187,4119,3193,2683,2078,1570,1194,804,395,198,44614,39728,32673,29334,27387,22308,16909,12005,8260,6587,5593,4337,3248,2498,1752,994,526
2024,MOZ,MoÃ§ambique,Mozambique,MZ,Sofala,MZ09,Gorongosa,MZ0908,107986,100509,208495,18024,16357,15194,12426,10566,8595,7088,5105,3595,2889,2297,1768,1410,1110,797,457,308,18276,16544,15386,12228,9386,6946,5519,4147,3199,2543,1918,1427,1052,805,569,347,217,36300,32901,30580,24654,19952,15541,12607,9252,6794,5432,4215,3195,2462,1915,1366,804,525
2024,MOZ,MoÃ§ambique,Mozambique,MZ,Sofala,MZ09,Machanga,MZ0909,38094,33283,71377,6025,5826,4581,3884,3316,2790,2448,1912,1523,1335,1176,950,739,601,465,328,195,6109,5893,4984,4052,2796,2006,1642,1264,1008,849,723,581,455,368,279,191,83,12134,11719,9565,7936,6112,4796,4090,3176,2531,2184,1899,1531,1194,969,744,519,278
2024,MOZ,MoÃ§ambique,Mozambique,MZ,Sofala,MZ09,Maringue,MZ0910,59843,51716,111559,9862,9016,8145,6638,5823,4745,3756,2755,2140,1775,1380,1083,918,739,537,302,229,10000,9119,8147,6289,4725,3306,2237,1666,1554,1294,946,718,561,449,337,229,139,19862,18135,16292,12927,10548,8051,5993,4421,3694,3069,2326,1801,1479,1188,874,531,368
2024,MOZ,MoÃ§ambique,Mozambique,MZ,Sofala,MZ09,Marromeu,MZ0911,95272,93984,189256,15772,14481,13351,11142,9146,7406,6111,4536,3503,2878,2213,1634,1190,880,583,287,159,15992,14647,13976,11651,9108,6810,5207,3976,3309,2699,2028,1530,1173,885,585,266,142,31764,29128,27327,22793,18254,14216,11318,8512,6812,5577,4241,3164,2363,1765,1168,553,301
2024,MOZ,MoÃ§ambique,Mozambique,MZ,Sofala,MZ09,Muanza,MZ0912,22417,22605,45022,3680,3475,3378,2710,1969,1605,1624,1222,799,606,420,300,244,183,118,44,40,3731,3515,3468,2813,2135,1586,1240,997,940,750,438,306,268,205,132,46,35,7411,6990,6846,5523,4104,3191,2864,2219,1739,1356,858,606,512,388,250,90,75
2024,MOZ,MoÃ§ambique,Mozambique,MZ,Sofala,MZ09,Nhamatanda,MZ0913,179273,171462,350735,28577,26214,24811,21040,16417,13206,11262,8344,6063,5199,4713,3937,3375,2709,1908,917,581,28976,26514,25274,21266,16175,12114,9710,7301,5473,4467,3647,3018,2712,2196,1539,721,359,57553,52728,50085,42306,32592,25320,20972,15645,11536,9666,8360,6955,6087,4905,3447,1638,940
2024,MOZ,MoÃ§ambique,Mozambique,MZ,Tete,MZ10,Angonia,MZ1001,325571,314548,640119,55546,52108,43312,35015,28862,25530,20703,15573,12301,9604,7380,5641,4185,3494,2894,2263,1160,57133,53518,43714,34467,28263,23450,17701,13941,11658,9126,6897,4864,3307,2612,1980,1314,603,112679,105626,87026,69482,57125,48980,38404,29514,23959,18730,14277,10505,7492,6106,4874,3577,1763
2024,MOZ,MoÃ§ambique,Mozambique,MZ,Tete,MZ10,Cahora Bassa,MZ1002,86221,87012,173233,14535,13715,12554,9956,7198,6329,5869,4434,3034,2257,1767,1361,1063,859,646,397,247,14951,14086,13015,10285,7606,6356,5500,4330,3114,2294,1683,1206,939,740,513,235,159,29486,27801,25569,20241,14804,12685,11369,8764,6148,4551,3450,2567,2002,1599,1159,632,406
2024,MOZ,MoÃ§ambique,Mozambique,MZ,Tete,MZ10,Changara,MZ1003,80373,77896,158269,13019,12141,12518,9691,6532,5555,5050,3854,2842,2211,1762,1430,1226,1019,766,434,323,13391,12470,13487,10284,6829,5291,4236,3218,2339,1731,1294,960,783,647,484,272,180,26410,24611,26005,19975,13361,10846,9286,7072,5181,3942,3056,2390,2009,1666,1250,706,503
2024,MOZ,MoÃ§ambique,Mozambique,MZ,Tete,MZ10,Chifunde,MZ1004,101746,101391,203137,17855,16499,14425,11300,9379,8255,6707,4920,3657,2650,1723,1247,1038,842,630,373,246,18365,16945,14897,11280,8904,7395,5964,4742,3843,2898,1964,1321,921,743,590,433,186,36220,33444,29322,22580,18283,15650,12671,9662,7500,5548,3687,2568,1959,1585,1220,806,432
2024,MOZ,MoÃ§ambique,Mozambique,MZ,Tete,MZ10,Chiuta,MZ1005,65527,62125,127652,10963,10481,9213,6990,5499,4869,4290,3301,2550,1965,1451,1119,905,748,579,375,229,11276,10765,9667,7060,5067,4126,3566,2821,2091,1575,1187,873,688,561,416,234,152,22239,21246,18880,14050,10566,8995,7856,6122,4641,3540,2638,1992,1593,1309,995,609,381
2024,MOZ,MoÃ§ambique,Mozambique,MZ,Tete,MZ10,Cidade De Tete,MZ1006,224760,226073,450833,41827,37656,28733,25012,22678,20314,15614,10763,6733,4607,3522,2507,1689,1257,879,524,445,43021,38675,27988,23856,21954,19379,15975,12054,7514,5140,3940,2607,1627,1142,703,280,218,84848,76331,56721,48868,44632,39693,31589,22817,14247,9747,7462,5114,3316,2399,1582,804,663
2024,MOZ,MoÃ§ambique,Mozambique,MZ,Tete,MZ10,Doa,MZ1007,55476,51752,107228,9364,8972,7999,5966,4666,4135,3718,2859,2154,1644,1239,908,626,486,367,253,120,9631,9215,8390,5914,4020,3112,2478,2026,1844,1503,1169,832,546,427,322,215,108,18995,18187,16389,11880,8686,7247,6196,4885,3998,3147,2408,1740,1172,913,689,468,228
2024,MOZ,MoÃ§ambique,Mozambique,MZ,Tete,MZ10,Macanga,MZ1008,101577,100859,202436,18086,16503,14131,11063,9744,8589,6640,4749,3453,2498,1716,1249,970,804,651,482,249,18603,16949,14475,10942,9221,7711,5981,4681,3757,2804,1871,1247,884,698,524,339,172,36689,33452,28606,22005,18965,16300,12621,9430,7210,5302,3587,2496,1854,1502,1175,821,421
2024,MOZ,MoÃ§ambique,Mozambique,MZ,Tete,MZ10,Magoe,MZ1009,58299,59679,117978,9875,9270,8269,6530,4976,4395,3939,2937,1976,1485,1229,981,794,653,495,299,196,10157,9521,8836,6881,5112,4342,3948,3124,2150,1555,1121,824,691,577,440,257,143,20032,18791,17105,13411,10088,8737,7887,6061,4126,3040,2350,1805,1485,1230,935,556,339
2024,MOZ,MoÃ§ambique,Mozambique,MZ,Tete,MZ10,Marara,MZ1010,46743,45888,92631,7194,6880,7538,5699,3436,2881,2877,2301,1798,1437,1125,931,836,709,544,317,240,7400,7066,8394,6408,3950,2959,2338,1803,1435,1098,797,608,532,448,338,186,128,14594,13946,15932,12107,7386,5840,5215,4104,3233,2535,1922,1539,1368,1157,882,503,368
2024,MOZ,MoÃ§ambique,Mozambique,MZ,Tete,MZ10,Maravia,MZ1011,78324,77785,156109,13392,12639,11364,8521,6804,6009,5250,3952,2892,2143,1512,1135,932,748,542,293,196,13774,12981,11669,8561,6716,5582,4624,3694,2943,2236,1580,1106,829,651,461,237,141,27166,25620,23033,17082,13520,11591,9874,7646,5835,4379,3092,2241,1761,1399,1003,530,337
2024,MOZ,MoÃ§ambique,Mozambique,MZ,Tete,MZ10,Moatize,MZ1012,173170,168793,341963,29068,26884,25586,20196,15093,12999,10811,8104,6244,4853,3796,2906,2176,1728,1279,778,669,29899,27612,26508,20391,14810,11868,9334,7240,5597,4336,3515,2532,1701,1335,999,644,472,58967,54496,52094,40587,29903,24867,20145,15344,11841,9189,7311,5438,3877,3063,2278,1422,1141
2024,MOZ,MoÃ§ambique,Mozambique,MZ,Tete,MZ10,Mutarara,MZ1013,108647,101679,210326,17529,16725,16650,12547,8634,7421,6859,5387,4280,3351,2491,1925,1538,1272,993,659,386,18029,17178,17217,12543,8142,6124,4595,3742,3626,2990,2251,1644,1201,968,728,446,255,35558,33903,33867,25090,16776,13545,11454,9129,7906,6341,4742,3569,2739,2240,1721,1105,641
2024,MOZ,MoÃ§ambique,Mozambique,MZ,Tete,MZ10,Tsangano,MZ1014,142363,139384,281747,24437,22534,19821,15783,12979,11330,8875,6552,5148,4005,3110,2363,1732,1393,1079,744,478,25135,23144,20574,15969,12924,10467,7446,5746,4896,3874,3033,2130,1354,1051,800,562,279,49572,45678,40395,31752,25903,21797,16321,12298,10044,7879,6143,4493,3086,2444,1879,1306,757
2024,MOZ,MoÃ§ambique,Mozambique,MZ,Tete,MZ10,Zumbu,MZ1015,49570,49249,98819,8494,8017,7317,5341,4354,3832,3278,2474,1880,1410,1004,717,497,380,278,179,118,8736,8234,7717,5496,4158,3443,2988,2389,1829,1360,940,639,459,361,264,158,78,17230,16251,15034,10837,8512,7275,6266,4863,3709,2770,1944,1356,956,741,542,337,196
2024,MOZ,MoÃ§ambique,Mozambique,MZ,Zambezia,MZ11,Alto Molocue,MZ1101,213557,203092,416649,36046,31548,30052,25299,19487,15986,12978,10078,8218,6873,5563,4063,2734,1923,1327,928,454,37585,32741,31222,25160,18636,13851,10280,8021,6442,5463,4650,3425,2263,1514,951,575,313,73631,64289,61274,50459,38123,29837,23258,18099,14660,12336,10213,7488,4997,3437,2278,1503,767
2024,MOZ,MoÃ§ambique,Mozambique,MZ,Zambezia,MZ11,Chinde,MZ1102,54314,51852,106166,8794,8077,7312,6145,4411,3712,3479,2864,2368,1997,1562,1175,922,670,440,234,152,9169,8383,7939,6424,4381,3222,2528,2073,1814,1562,1215,952,847,632,408,195,108,17963,16460,15251,12569,8792,6934,6007,4937,4182,3559,2777,2127,1769,1302,848,429,260
2024,MOZ,MoÃ§ambique,Mozambique,MZ,Zambezia,MZ11,Cidade De Quelimane,MZ1103,248552,239581,488133,43719,38023,30630,28764,24091,20300,15745,11718,8672,7163,6354,4781,3202,2243,1519,1012,616,45585,39462,32244,29139,23837,18382,12915,9594,6889,5726,5270,4000,2731,1826,1095,558,328,89304,77485,62874,57903,47928,38682,28660,21312,15561,12889,11624,8781,5933,4069,2614,1570,944
2024,MOZ,MoÃ§ambique,Mozambique,MZ,Zambezia,MZ11,Derre,MZ1104,65329,63124,128453,11392,10251,8836,7239,5988,5118,4540,3471,2427,1873,1379,962,684,486,336,229,118,11879,10639,9097,7003,5473,4198,3276,2668,2269,1926,1503,1097,783,560,389,268,96,23271,20890,17933,14242,11461,9316,7816,6139,4696,3799,2882,2059,1467,1046,725,497,214
2024,MOZ,MoÃ§ambique,Mozambique,MZ,Zambezia,MZ11,Gile,MZ1105,126076,124843,250919,20778,18197,18388,15190,11258,9037,7061,5735,5522,4729,3440,2426,1673,1159,770,496,217,21666,18886,18859,15372,12325,9216,6183,4866,4395,3825,3170,2313,1495,999,642,418,213,42444,37083,37247,30562,23583,18253,13244,10601,9917,8554,6610,4739,3168,2158,1412,914,430
2024,MOZ,MoÃ§ambique,Mozambique,MZ,Zambezia,MZ11,Gurue,MZ1106,259960,251918,511878,44699,39236,35259,30042,24272,20208,16361,12489,9625,7949,6618,4888,3377,2301,1429,755,452,46607,40721,36418,29863,23675,18211,13800,10701,8155,6736,5490,4104,3130,2150,1274,546,337,91306,79957,71677,59905,47947,38419,30161,23190,17780,14685,12108,8992,6507,4451,2703,1301,789
2024,MOZ,MoÃ§ambique,Mozambique,MZ,Zambezia,MZ11,Ile,MZ1107,127884,111634,239518,21318,19273,16064,13728,11377,9612,7789,6255,5474,4706,3782,2869,2206,1587,1026,529,289,22229,20002,16025,12500,8939,6683,5322,4359,3692,3236,2823,2147,1518,1032,626,315,186,43547,39275,32089,26228,20316,16295,13111,10614,9166,7942,6605,5016,3724,2619,1652,844,475
2024,MOZ,MoÃ§ambique,Mozambique,MZ,Zambezia,MZ11,Inhassunge,MZ1108,60976,55731,116707,10027,9265,7285,6357,5129,4443,3985,3205,2514,2153,1887,1497,1194,891,607,341,196,10455,9616,7930,6584,4855,3626,2702,2089,1601,1388,1283,1059,900,694,489,298,162,20482,18881,15215,12941,9984,8069,6687,5294,4115,3541,3170,2556,2094,1585,1096,639,358
2024,MOZ,MoÃ§ambique,Mozambique,MZ,Zambezia,MZ11,Luabo,MZ1109,35733,34268,70001,5809,5130,5201,4323,3036,2465,2157,1723,1413,1201,991,763,602,433,273,126,87,6057,5325,5343,4320,3017,2200,1642,1305,1093,967,874,701,562,408,261,130,63,11866,10455,10544,8643,6053,4665,3799,3028,2506,2168,1865,1464,1164,841,534,256,150
2024,MOZ,MoÃ§ambique,Mozambique,MZ,Zambezia,MZ11,Lugela,MZ1110,117071,105104,222175,19484,17908,15068,12610,9952,8543,7810,6242,4791,3985,3279,2493,1914,1378,894,465,255,20316,18585,15540,11938,8134,6108,5269,4395,3696,3149,2467,1852,1461,1035,645,315,199,39800,36493,30608,24548,18086,14651,13079,10637,8487,7134,5746,4345,3375,2413,1539,780,454
2024,MOZ,MoÃ§ambique,Mozambique,MZ,Zambezia,MZ11,Maganja Da Costa,MZ1111,97351,84168,181519,16048,14881,12459,10550,8069,6933,6460,5268,4206,3551,2946,2188,1525,1046,653,346,222,16733,15444,13248,10264,6201,4354,3670,3051,2631,2327,2048,1562,1098,743,447,221,126,32781,30325,25707,20814,14270,11287,10130,8319,6837,5878,4994,3750,2623,1789,1100,567,348
2024,MOZ,MoÃ§ambique,Mozambique,MZ,Zambezia,MZ11,Maquival,MZ1112,NA,NA,NA,NA,NA,NA,NA,NA,NA,NA,NA,NA,NA,NA,NA,NA,NA,NA,NA,NA,NA,NA,NA,NA,NA,NA,NA,NA,NA,NA,NA,NA,NA,NA,NA,NA,NA,NA,NA,NA,NA,NA,NA,NA,NA,NA,NA,NA,NA,NA,NA,NA,NA,NA
2024,MOZ,MoÃ§ambique,Mozambique,MZ,Zambezia,MZ11,Milange,MZ1113,366586,352687,719273,64422,56471,47790,40495,35479,30019,24019,17720,12310,9798,8280,6288,4724,3526,2528,1714,1003,67173,58608,49474,39380,31962,24912,19519,15227,11325,9327,7680,5815,4461,3282,2270,1460,812,131595,115079,97264,79875,67441,54931,43538,32947,23635,19125,15960,12103,9185,6808,4798,3174,1815
2024,MOZ,MoÃ§ambique,Mozambique,MZ,Zambezia,MZ11,Mocuba,MZ1114,253617,243128,496745,43701,37955,35084,30214,23872,19684,15697,11931,9364,7608,5809,4252,3242,2332,1542,871,459,45567,39391,36707,30087,21921,16413,12594,9862,7708,6501,5566,4118,2771,1847,1129,625,321,89268,77346,71791,60301,45793,36097,28291,21793,17072,14109,11375,8370,6013,4179,2671,1496,780
2024,MOZ,MoÃ§ambique,Mozambique,MZ,Zambezia,MZ11,Mocubela,MZ1115,76340,71013,147353,12938,11820,9700,8129,6727,5791,5120,4030,3060,2504,1999,1484,1099,799,551,350,239,13491,12267,10063,7905,5985,4556,3543,2915,2547,2199,1777,1302,876,625,449,341,172,26429,24087,19763,16034,12712,10347,8663,6945,5607,4703,3776,2786,1975,1424,1000,691,411
2024,MOZ,MoÃ§ambique,Mozambique,MZ,Zambezia,MZ11,Molumbo,MZ1116,189854,185798,375652,34549,30168,24333,20267,19462,16617,12776,9164,6090,4664,3798,2756,1946,1370,916,575,403,36025,31309,25166,19684,17868,14252,10862,8320,5980,4782,3785,2735,1958,1357,876,525,314,70574,61477,49499,39951,37330,30869,23638,17484,12070,9446,7583,5491,3904,2727,1792,1100,717
2024,MOZ,MoÃ§ambique,Mozambique,MZ,Zambezia,MZ11,Mopeia,MZ1117,93263,89941,183204,15530,13669,13807,11473,8105,6615,5909,4628,3529,2882,2290,1678,1207,854,565,339,183,16193,14186,14284,11389,7778,5674,4410,3559,3019,2599,2138,1619,1221,865,555,305,147,31723,27855,28091,22862,15883,12289,10319,8187,6548,5481,4428,3297,2428,1719,1120,644,330
2024,MOZ,MoÃ§ambique,Mozambique,MZ,Zambezia,MZ11,Morrumbala,MZ1118,222820,210437,433257,38447,34081,30754,25347,20474,17247,14942,11306,7837,6172,4961,3679,2776,2024,1384,852,537,40089,35371,30699,23640,18310,13955,10870,8703,7098,5982,4767,3561,2678,1963,1372,916,463,78536,69452,61453,48987,38784,31202,25812,20009,14935,12154,9728,7240,5454,3987,2756,1768,1000
2024,MOZ,MoÃ§ambique,Mozambique,MZ,Zambezia,MZ11,Mulevala,MZ1119,66255,61509,127764,11055,9561,9036,7683,6286,5052,3395,2738,2953,2632,2040,1471,968,646,403,233,103,11527,9923,9140,7362,5671,4141,2668,2161,2175,1950,1609,1198,831,558,338,175,82,22582,19484,18176,15045,11957,9193,6063,4899,5128,4582,3649,2669,1799,1204,741,408,185
2024,MOZ,MoÃ§ambique,Mozambique,MZ,Zambezia,MZ11,Namacurra,MZ1120,150539,132294,282833,25409,23152,18703,16504,13125,11274,9991,7913,6090,5046,4129,3093,2268,1636,1109,683,414,26494,24028,19632,15914,10441,7588,6077,4941,4168,3591,2983,2229,1572,1113,754,496,273,51903,47180,38335,32418,23566,18862,16068,12854,10258,8637,7112,5322,3840,2749,1863,1179,687
2024,MOZ,MoÃ§ambique,Mozambique,MZ,Zambezia,MZ11,Namarroi,MZ1121,92939,80582,173521,15409,14319,11654,9733,7881,6787,6044,4953,4175,3543,2832,2056,1372,941,619,397,224,16067,14860,11781,9004,6389,4778,3897,3215,2768,2333,1729,1257,966,688,448,256,146,31476,29179,23435,18737,14270,11565,9941,8168,6943,5876,4561,3313,2338,1629,1067,653,370
2024,MOZ,MoÃ§ambique,Mozambique,MZ,Zambezia,MZ11,Nicoadala,MZ1122,122295,117020,239315,21067,18112,16509,14598,11679,9606,7383,5531,4306,3576,3010,2285,1679,1232,864,568,290,21967,18797,17519,14696,10828,8050,5867,4528,3592,3039,2593,1953,1392,978,643,394,184,43034,36909,34028,29294,22507,17656,13250,10059,7898,6615,5603,4238,3071,2210,1507,962,474
2024,MOZ,MoÃ§ambique,Mozambique,MZ,Zambezia,MZ11,Pebane,MZ1123,124748,121111,245859,20553,18496,17437,14469,10699,8844,7666,6235,5395,4567,3549,2527,1632,1111,746,523,299,21430,19196,18357,14546,10280,7652,5973,5002,4560,4033,3397,2514,1661,1119,713,443,235,41983,37692,35794,29015,20979,16496,13639,11237,9955,8600,6946,5041,3293,2230,1459,966,534